ts_utc,open,high,low,close,volume
2026-05-07T23:30:00Z,1455.6200,1455.6200,1455.6200,1455.6200,0
2026-05-08T00:00:00Z,1455.6200,1463.1801,1455.6200,1461.8199,0
2026-05-08T00:30:00Z,1461.8800,1465.1801,1461.4200,1464.7800,0
2026-05-08T01:00:00Z,1464.9800,1464.9800,1461.9800,1463.4800,0
2026-05-08T01:30:00Z,1463.5800,1464.4800,1462.9800,1463.5800,0
2026-05-08T02:00:00Z,1463.5200,1465.1801,1462.8800,1464.7800,0
2026-05-08T02:30:00Z,1464.7400,1466.1100,1463.1899,1464.8800,0
2026-05-08T03:00:00Z,1464.6801,1465.1801,1463.2200,1464.0800,0
2026-05-08T03:30:00Z,1464.0800,1465.7800,1463.7500,1465.0800,0
2026-05-08T04:00:00Z,1465.1801,1467.8700,1464.6500,1466.5500,0
2026-05-08T04:30:00Z,1466.6801,1468.5800,1466.4600,1467.5800,0
2026-05-08T05:00:00Z,1467.5800,1467.6000,1465.5699,1466.1801,0
2026-05-08T05:30:00Z,1466.1801,1468.7800,1465.6400,1468.4800,0
2026-05-08T06:00:00Z,1468.4800,1470.8800,1467.3900,1470.8800,0
2026-05-08T06:30:00Z,1471.0800,1471.3800,1467.5800,1469.0800,0
2026-05-08T07:00:00Z,1468.6801,1469.9100,1467.0800,1468.7300,0
2026-05-08T07:30:00Z,1468.9800,1469.2300,1466.3800,1468.0200,0
2026-05-08T08:00:00Z,1468.2800,1470.3000,1465.9800,1467.3700,0
2026-05-08T08:30:00Z,1467.2800,1467.6100,1465.3800,1466.6801,0
2026-05-08T09:00:00Z,1466.5800,1466.7700,1464.2800,1464.7800,0
2026-05-08T09:30:00Z,1465.1300,1468.7800,1464.7800,1467.5900,0
2026-05-08T10:00:00Z,1467.6000,1468.3800,1465.8800,1467.0800,0
2026-05-08T10:30:00Z,1467.0601,1467.3400,1465.5800,1466.6801,0
2026-05-08T11:00:00Z,1466.2000,1466.7900,1464.2800,1465.7300,0
2026-05-08T11:30:00Z,1465.7500,1467.3800,1465.4800,1466.3600,0
2026-05-08T12:00:00Z,1466.3101,1466.9100,1465.0800,1466.5100,0
2026-05-08T12:30:00Z,1466.5900,1466.7800,1461.7200,1463.4000,0
2026-05-08T13:00:00Z,1463.4200,1465.1801,1461.6200,1461.6200,0
2026-05-08T13:30:00Z,1462.9800,1463.6801,1461.0400,1462.4800,0
2026-05-08T14:00:00Z,1462.4600,1464.9800,1461.1801,1464.1300,0
2026-05-08T14:30:00Z,1463.8400,1464.7800,1461.3800,1461.8800,0
2026-05-08T15:00:00Z,1461.9800,1462.5300,1459.1400,1461.2400,0
2026-05-08T15:30:00Z,1461.5300,1461.5300,1459.4200,1460.9700,0
2026-05-08T16:00:00Z,1461.1200,1462.0601,1459.4500,1459.4500,0
2026-05-08T16:30:00Z,1461.0000,1461.4301,1459.1801,1461.4301,0
2026-05-08T17:00:00Z,1461.4399,1461.6801,1460.1200,1460.9399,0
2026-05-08T17:30:00Z,1461.4800,1461.9200,1460.9900,1461.7100,0
2026-05-08T18:00:00Z,1461.5500,1461.9100,1460.4000,1461.7000,0
2026-05-08T18:30:00Z,1461.4500,1462.8300,1461.3900,1461.6400,0
2026-05-08T19:00:00Z,1461.5900,1462.3199,1461.4100,1461.7600,0
2026-05-08T19:30:00Z,1461.9301,1462.3101,1461.4900,1461.8199,0
2026-05-08T20:00:00Z,1461.9301,1462.1700,1460.9800,1461.5900,0
2026-05-08T20:30:00Z,1461.5900,1462.4900,1461.3800,1461.4800,0
2026-05-08T21:00:00Z,1461.4800,1461.4800,1461.4800,1461.4800,0
2026-05-11T00:00:00Z,1462.0500,1468.1801,1462.0400,1467.5800,0
2026-05-11T00:30:00Z,1467.5699,1469.1801,1467.4800,1468.9800,0
2026-05-11T01:00:00Z,1469.0800,1473.0800,1468.7200,1472.1000,0
2026-05-11T01:30:00Z,1472.5500,1473.8800,1471.7500,1472.1801,0
2026-05-11T02:00:00Z,1472.0900,1472.6801,1470.0800,1470.4800,0
2026-05-11T02:30:00Z,1470.4800,1473.5800,1470.1801,1473.4800,0
2026-05-11T03:00:00Z,1473.3800,1474.6801,1472.2000,1473.6899,0
2026-05-11T03:30:00Z,1473.6899,1474.0800,1472.6801,1473.6100,0
2026-05-11T04:00:00Z,1473.6200,1475.2100,1473.0601,1474.0100,0
2026-05-11T04:30:00Z,1474.0100,1475.5900,1474.0100,1475.1801,0
2026-05-11T05:00:00Z,1475.0800,1476.0800,1474.4700,1476.0800,0
2026-05-11T05:30:00Z,1476.0800,1476.6200,1475.2100,1476.4800,0
2026-05-11T06:00:00Z,1476.4800,1476.4800,1472.2800,1472.2800,0
2026-05-11T06:30:00Z,1472.2800,1472.9800,1469.2800,1469.7800,0
2026-05-11T07:00:00Z,1469.3800,1471.5800,1469.1801,1470.9800,0
2026-05-11T07:30:00Z,1471.5800,1472.7800,1471.0800,1472.1400,0
2026-05-11T08:00:00Z,1472.2800,1472.5000,1469.4900,1470.1801,0
2026-05-11T08:30:00Z,1470.1200,1471.4399,1469.0800,1471.1100,0
2026-05-11T09:00:00Z,1470.8500,1471.7000,1469.1801,1471.6300,0
2026-05-11T09:30:00Z,1471.3800,1473.8101,1470.9800,1473.5800,0
2026-05-11T10:00:00Z,1473.6801,1474.8500,1472.0800,1472.7800,0
2026-05-11T10:30:00Z,1472.7800,1474.7800,1472.0800,1473.4200,0
2026-05-11T11:00:00Z,1473.4100,1473.9800,1470.9800,1471.8500,0
2026-05-11T11:30:00Z,1471.7800,1472.6801,1470.3000,1471.5800,0
2026-05-11T12:00:00Z,1471.5800,1473.7800,1471.3800,1472.9301,0
2026-05-11T12:30:00Z,1473.2900,1474.7900,1472.0800,1474.1100,0
2026-05-11T13:00:00Z,1473.9800,1473.9800,1472.0800,1472.4900,0
2026-05-11T13:30:00Z,1472.8900,1472.8900,1469.1801,1470.3800,0
2026-05-11T14:00:00Z,1470.4200,1470.9500,1468.8900,1470.4399,0
2026-05-11T18:00:00Z,1472.0000,1472.0000,1472.0000,1472.0000,0
2026-05-11T19:30:00Z,1474.5699,1475.2900,1471.9399,1471.9399,0
2026-05-11T20:00:00Z,1473.3800,1475.0800,1471.9399,1474.5500,0
2026-05-11T20:30:00Z,1474.6600,1474.8000,1471.8600,1473.9600,0
2026-05-11T21:00:00Z,1474.3199,1475.6600,1474.3199,1475.2800,0
2026-05-11T21:30:00Z,1475.4700,1475.8600,1472.1899,1475.5500,0
2026-05-11T22:00:00Z,1475.6200,1475.7800,1474.8600,1475.4500,0
2026-05-12T00:00:00Z,1475.4399,1479.8800,1474.6200,1479.1801,0
2026-05-12T00:30:00Z,1479.0100,1482.7800,1478.7200,1482.6801,0
2026-05-12T01:00:00Z,1482.4800,1485.7800,1481.5100,1485.4800,0
2026-05-12T01:30:00Z,1485.4800,1488.2700,1484.4399,1485.7800,0
2026-05-12T02:00:00Z,1485.9800,1486.4600,1483.9600,1484.5800,0
2026-05-12T02:30:00Z,1484.6801,1485.7000,1483.6300,1484.8800,0
2026-05-12T03:00:00Z,1485.1801,1485.8800,1484.3300,1485.7800,0
2026-05-12T03:30:00Z,1485.5800,1486.6300,1485.1200,1485.7500,0
2026-05-12T04:00:00Z,1486.1801,1486.2100,1484.3199,1484.5699,0
2026-05-12T04:30:00Z,1484.8800,1485.1899,1482.7300,1483.6600,0
2026-05-12T05:00:00Z,1484.0800,1486.4800,1482.6600,1483.9800,0
2026-05-12T05:30:00Z,1483.8800,1486.3800,1481.9800,1483.8800,0
2026-05-12T06:00:00Z,1484.1801,1489.3800,1483.2800,1489.3800,0
2026-05-12T06:30:00Z,1488.8199,1489.5800,1486.3800,1488.1801,0
2026-05-12T07:00:00Z,1488.6801,1491.8800,1487.6801,1489.6300,0
2026-05-12T07:30:00Z,1489.2800,1489.6801,1487.5800,1488.0800,0
2026-05-12T08:00:00Z,1487.8600,1489.4900,1487.6801,1488.9100,0
2026-05-12T08:30:00Z,1488.9100,1490.6500,1487.6801,1489.9399,0
2026-05-12T09:00:00Z,1490.1200,1492.2700,1487.5800,1491.5000,0
2026-05-12T09:30:00Z,1491.4000,1492.0100,1487.6801,1489.4800,0
2026-05-12T10:00:00Z,1490.0800,1490.3800,1488.9800,1489.1801,0
2026-05-12T10:30:00Z,1489.9800,1490.2800,1488.5800,1489.8300,0
2026-05-12T11:00:00Z,1489.8101,1490.9800,1488.6801,1489.6899,0
2026-05-12T11:30:00Z,1489.0900,1489.6801,1487.0800,1488.2900,0
2026-05-12T12:00:00Z,1488.2800,1489.9800,1487.6801,1489.3500,0
2026-05-12T12:30:00Z,1489.3800,1489.7800,1486.0800,1487.7000,0
2026-05-12T13:00:00Z,1487.7100,1489.9800,1486.6801,1489.8800,0
2026-05-12T13:30:00Z,1489.3400,1491.9800,1487.6801,1491.5900,0
2026-05-12T14:00:00Z,1491.9399,1491.9500,1487.1801,1490.0699,0
2026-05-12T14:30:00Z,1489.7200,1490.5800,1488.0800,1489.6000,0
2026-05-12T15:00:00Z,1493.8800,1494.1801,1493.2800,1493.8800,0
2026-05-12T15:30:00Z,1493.8800,1493.8800,1489.3800,1490.2000,0
2026-05-12T16:00:00Z,1490.3000,1491.2400,1488.8800,1490.6801,0
2026-05-12T16:30:00Z,1490.7800,1493.9600,1490.5800,1493.0800,0
2026-05-12T17:00:00Z,1493.1801,1493.5800,1492.6600,1493.1899,0
2026-05-12T17:30:00Z,1493.3199,1493.6899,1492.0800,1492.8500,0
2026-05-12T18:00:00Z,1492.8500,1493.9301,1492.1300,1492.2200,0
2026-05-12T18:30:00Z,1492.2200,1493.0500,1491.1500,1492.8199,0
2026-05-12T19:00:00Z,1492.8000,1492.9000,1490.9800,1491.8199,0
2026-05-12T19:30:00Z,1491.9000,1493.0800,1490.6801,1493.0500,0
2026-05-12T20:00:00Z,1493.0800,1493.5699,1491.6700,1491.7500,0
2026-05-12T20:30:00Z,1491.7100,1493.1300,1491.5601,1493.1300,0
2026-05-12T21:00:00Z,1493.1200,1493.2800,1491.8500,1491.9900,0
2026-05-12T21:30:00Z,1492.0200,1492.2500,1491.9301,1492.1801,0
2026-05-12T22:00:00Z,1492.2200,1492.2600,1491.7400,1492.2300,0
2026-05-13T00:00:00Z,1492.4800,1494.2800,1491.7800,1493.9800,0
2026-05-13T00:30:00Z,1494.2800,1497.5800,1493.5800,1497.1600,0
2026-05-13T01:00:00Z,1497.1600,1499.5800,1496.4800,1497.9800,0
2026-05-13T01:30:00Z,1497.9800,1498.0800,1495.5800,1497.4800,0
2026-05-13T02:00:00Z,1497.2800,1498.4000,1495.8800,1498.0800,0
2026-05-13T02:30:00Z,1498.0800,1499.2800,1496.8700,1498.7300,0
2026-05-13T03:00:00Z,1499.1801,1499.1801,1495.8300,1496.2600,0
2026-05-13T03:30:00Z,1496.2800,1496.2800,1494.2800,1494.6801,0
2026-05-13T04:00:00Z,1494.6801,1494.8800,1493.3900,1493.5601,0
2026-05-13T04:30:00Z,1493.7800,1495.5800,1493.7200,1495.3800,0
2026-05-13T05:00:00Z,1495.2800,1495.4800,1492.2000,1492.5800,0
2026-05-13T05:30:00Z,1492.2000,1492.7800,1489.5800,1490.5800,0
2026-05-13T06:00:00Z,1490.5800,1491.9800,1489.8800,1490.3800,0
2026-05-13T06:30:00Z,1490.1801,1490.9000,1486.8800,1488.5800,0
2026-05-13T07:00:00Z,1488.5400,1489.4000,1485.7800,1488.3800,0
2026-05-13T07:30:00Z,1488.2900,1490.2300,1487.0800,1489.2800,0
2026-05-13T08:00:00Z,1489.3800,1490.3400,1488.3800,1489.5800,0
2026-05-13T08:30:00Z,1489.5800,1491.0601,1488.8800,1489.7800,0
2026-05-13T09:00:00Z,1489.9399,1491.5900,1488.8800,1490.7800,0
2026-05-13T09:30:00Z,1490.7800,1490.9800,1487.9800,1488.2800,0
2026-05-13T10:00:00Z,1487.9800,1490.3101,1487.3800,1489.9600,0
2026-05-13T10:30:00Z,1489.6400,1490.3800,1487.8800,1489.5300,0
2026-05-13T11:00:00Z,1489.5900,1490.0300,1488.4800,1489.6300,0
2026-05-13T11:30:00Z,1489.6300,1490.0000,1487.0699,1488.7800,0
2026-05-13T12:00:00Z,1488.7800,1490.9800,1487.7800,1489.2800,0
2026-05-13T12:30:00Z,1490.2400,1492.8000,1488.4800,1492.4200,0
2026-05-13T13:00:00Z,1492.3600,1492.6200,1490.8800,1491.1500,0
2026-05-13T13:30:00Z,1490.8400,1492.5601,1490.0800,1490.8400,0
2026-05-13T14:00:00Z,1490.8800,1491.7800,1488.8800,1489.7000,0
2026-05-13T14:30:00Z,1489.5601,1490.6801,1488.4800,1490.0699,0
2026-05-13T15:00:00Z,1490.1300,1491.0400,1489.1801,1490.3800,0
2026-05-13T16:00:00Z,1489.5800,1489.8500,1485.1801,1487.8199,0
2026-05-13T16:30:00Z,1488.5000,1489.6700,1487.5800,1489.1200,0
2026-05-13T17:00:00Z,1488.8000,1489.2400,1487.9100,1488.7000,0
2026-05-13T17:30:00Z,1489.2300,1489.7200,1488.2500,1489.6500,0
2026-05-13T18:00:00Z,1489.3400,1490.0500,1487.8400,1488.1899,0
2026-05-13T18:30:00Z,1489.1801,1489.3101,1488.0900,1489.0000,0
2026-05-13T19:00:00Z,1488.9301,1489.4200,1488.6801,1488.8000,0
2026-05-13T19:30:00Z,1488.8000,1489.6600,1488.6801,1489.4600,0
2026-05-13T20:00:00Z,1489.3300,1490.3101,1489.2800,1489.5300,0
2026-05-13T20:30:00Z,1489.5300,1490.4800,1489.2700,1489.3600,0
2026-05-13T21:00:00Z,1489.5400,1490.2500,1489.2300,1489.4500,0
2026-05-13T21:30:00Z,1489.5000,1489.7700,1489.3199,1489.3700,0
2026-05-13T22:00:00Z,1489.3500,1489.5699,1489.3000,1489.4200,0
2026-05-14T00:00:00Z,1489.9399,1491.5900,1488.1500,1490.2800,0
2026-05-14T00:30:00Z,1490.3800,1490.7800,1487.9500,1489.2800,0
2026-05-14T01:00:00Z,1489.4800,1491.2800,1488.9800,1490.4800,0
2026-05-14T01:30:00Z,1490.4399,1492.8800,1490.2400,1491.1700,0
2026-05-14T02:00:00Z,1491.8199,1492.4800,1489.1801,1489.3800,0
2026-05-14T02:30:00Z,1489.4800,1493.0800,1489.1600,1493.0800,0
2026-05-14T03:00:00Z,1492.9800,1492.9800,1491.8600,1492.6600,0
2026-05-14T03:30:00Z,1492.6600,1493.5300,1491.8800,1492.8800,0
2026-05-14T04:00:00Z,1492.5601,1493.8800,1491.1700,1492.1801,0
2026-05-14T04:30:00Z,1491.9200,1493.0800,1491.3700,1493.0800,0
2026-05-14T05:00:00Z,1492.8800,1493.3400,1491.9301,1492.7800,0
2026-05-14T05:30:00Z,1492.6801,1493.9800,1492.3500,1493.2500,0
2026-05-14T06:00:00Z,1492.8000,1493.2000,1489.9800,1490.8800,0
2026-05-14T06:30:00Z,1490.8800,1491.4800,1488.2800,1489.8300,0
2026-05-14T07:00:00Z,1489.3800,1490.8101,1487.9800,1488.3000,0
2026-05-14T07:30:00Z,1488.4000,1493.3900,1487.9800,1492.5800,0
2026-05-14T08:00:00Z,1492.5800,1492.9800,1489.5800,1490.2800,0
2026-05-14T08:30:00Z,1489.9200,1491.3900,1489.5800,1490.5601,0
2026-05-14T09:00:00Z,1490.5601,1491.4100,1489.6801,1490.9800,0
2026-05-14T09:30:00Z,1491.0800,1492.2200,1490.6801,1491.1100,0
2026-05-14T10:00:00Z,1491.4000,1491.6801,1489.7800,1490.9800,0
2026-05-14T10:30:00Z,1491.5300,1492.2900,1490.7800,1491.3900,0
2026-05-14T11:00:00Z,1491.3900,1492.7700,1491.3900,1492.4100,0
2026-05-14T11:30:00Z,1492.4399,1492.5400,1491.1801,1491.5100,0
2026-05-14T12:00:00Z,1491.5000,1492.0400,1490.2800,1491.2800,0
2026-05-14T12:30:00Z,1491.0500,1492.1300,1489.8800,1491.1700,0
2026-05-14T13:00:00Z,1491.4399,1492.7100,1491.2800,1491.9800,0
2026-05-14T13:30:00Z,1492.0800,1493.3300,1489.4800,1492.0800,0
2026-05-14T14:00:00Z,1491.8800,1492.4800,1489.6801,1490.7800,0
2026-05-14T14:30:00Z,1490.6899,1491.4900,1489.8000,1490.6801,0
2026-05-14T15:00:00Z,1490.6801,1492.4800,1489.7800,1491.8000,0
2026-05-14T15:30:00Z,1491.1100,1492.1100,1489.6801,1491.7200,0
2026-05-14T16:00:00Z,1491.7300,1492.2800,1490.7200,1491.5601,0
2026-05-14T16:30:00Z,1491.5601,1492.7200,1491.0800,1491.5300,0
2026-05-14T17:00:00Z,1491.5300,1492.2500,1491.0200,1491.9100,0
2026-05-14T17:30:00Z,1491.8199,1492.2200,1490.9800,1491.9100,0
2026-05-14T18:00:00Z,1491.9100,1492.4000,1491.4700,1491.8900,0
2026-05-14T18:30:00Z,1491.8900,1492.3900,1491.6801,1491.8400,0
2026-05-14T19:00:00Z,1491.9200,1492.6000,1491.7100,1491.9800,0
2026-05-14T19:30:00Z,1492.0000,1493.1200,1491.8600,1492.5000,0
2026-05-14T20:00:00Z,1492.0601,1493.2500,1491.9301,1492.0601,0
2026-05-14T20:30:00Z,1492.4301,1494.9700,1491.9100,1493.1500,0
2026-05-14T21:00:00Z,1493.1500,1494.3700,1491.9399,1492.2600,0
2026-05-14T21:30:00Z,1493.0699,1493.4700,1491.4000,1492.1400,0
2026-05-14T22:00:00Z,1492.1400,1492.6801,1491.9700,1492.6801,0
2026-05-14T23:00:00Z,1492.6801,1492.6801,1492.6801,1492.6801,0
2026-05-15T00:00:00Z,1492.5699,1497.6801,1492.5699,1497.3800,0
2026-05-15T00:30:00Z,1497.3800,1499.4800,1496.8500,1497.8800,0
2026-05-15T01:00:00Z,1498.4800,1499.3800,1497.4301,1499.0800,0
2026-05-15T01:30:00Z,1499.1801,1499.6200,1498.1801,1499.3800,0
2026-05-15T02:00:00Z,1499.2800,1499.7900,1497.5800,1498.6000,0
2026-05-15T02:30:00Z,1498.9700,1499.3800,1496.7800,1499.0800,0
2026-05-15T03:00:00Z,1499.2800,1499.3800,1497.3700,1498.0800,0
2026-05-15T03:30:00Z,1497.7800,1498.2800,1496.3101,1497.0800,0
2026-05-15T04:00:00Z,1496.7000,1497.8800,1495.8400,1497.3800,0
2026-05-15T04:30:00Z,1497.3800,1499.2800,1497.0200,1498.9800,0
2026-05-15T05:00:00Z,1498.9800,1499.9900,1498.0100,1499.2800,0
2026-05-15T05:30:00Z,1499.0400,1507.3800,1499.0400,1504.3800,0
2026-05-15T06:00:00Z,1504.5800,1505.3800,1500.4800,1500.9800,0
2026-05-15T06:30:00Z,1500.4800,1501.9399,1499.3800,1500.9800,0
2026-05-15T07:00:00Z,1500.8800,1501.2800,1497.3400,1498.9900,0
2026-05-15T07:30:00Z,1498.9900,1500.9800,1497.2800,1498.0800,0
2026-05-15T08:00:00Z,1498.2800,1501.0699,1497.7800,1501.0699,0
2026-05-15T08:30:00Z,1500.7600,1501.5800,1497.7800,1500.1200,0
2026-05-15T09:00:00Z,1500.1801,1503.3199,1498.9800,1499.0800,0
2026-05-15T09:30:00Z,1500.0800,1501.2700,1497.9800,1499.4700,0
2026-05-15T10:00:00Z,1500.1400,1500.1400,1494.8800,1497.6899,0
2026-05-15T10:30:00Z,1497.7200,1498.1100,1493.2800,1495.5500,0
2026-05-15T11:00:00Z,1495.5000,1498.4399,1494.9800,1498.4399,0
2026-05-15T11:30:00Z,1498.4000,1500.0100,1497.9800,1499.8199,0
2026-05-15T12:00:00Z,1499.4000,1500.3900,1499.1801,1500.0800,0
2026-05-15T12:30:00Z,1499.9800,1500.8800,1499.3800,1499.8800,0
2026-05-15T13:00:00Z,1499.8800,1500.6801,1498.8500,1499.4900,0
2026-05-15T13:30:00Z,1499.4900,1502.0800,1499.2900,1500.5400,0
2026-05-15T14:00:00Z,1500.2800,1501.3500,1494.7800,1497.9301,0
2026-05-15T14:30:00Z,1497.9800,1499.5900,1494.8800,1497.7300,0
2026-05-15T15:00:00Z,1497.7300,1499.5601,1494.8800,1498.3000,0
2026-05-15T15:30:00Z,1497.9600,1500.0800,1496.1801,1498.1801,0
2026-05-15T16:00:00Z,1496.2800,1499.2600,1495.7800,1498.6400,0
2026-05-15T16:30:00Z,1498.8500,1498.8500,1495.7800,1496.9399,0
2026-05-15T17:00:00Z,1496.8600,1497.7100,1496.2400,1497.6200,0
2026-05-15T17:30:00Z,1497.6200,1498.1801,1496.5601,1497.6200,0
2026-05-15T18:00:00Z,1497.4700,1498.1200,1496.4500,1497.5500,0
2026-05-15T18:30:00Z,1497.5500,1498.7200,1497.1000,1497.6600,0
2026-05-15T19:00:00Z,1497.4700,1498.4900,1497.4000,1497.7000,0
2026-05-15T19:30:00Z,1497.6899,1499.4200,1497.5000,1498.8800,0
2026-05-15T20:00:00Z,1499.1600,1500.1300,1497.7300,1497.9900,0
2026-05-15T20:30:00Z,1497.8400,1498.6400,1497.6700,1497.7600,0
2026-05-17T23:00:00Z,1497.9200,1497.9200,1497.9200,1497.9200,0
2026-05-18T00:00:00Z,1497.9100,1503.1801,1497.9100,1500.8800,0
2026-05-18T00:30:00Z,1500.7800,1504.1801,1500.5400,1503.6801,0
2026-05-18T01:00:00Z,1504.0800,1504.2800,1502.5800,1503.3800,0
2026-05-18T01:30:00Z,1503.6801,1505.4800,1502.9800,1505.3800,0
2026-05-18T02:00:00Z,1505.2800,1506.7100,1504.8600,1505.3101,0
2026-05-18T02:30:00Z,1505.7800,1506.1801,1503.8400,1506.1801,0
2026-05-18T03:00:00Z,1506.2800,1506.2800,1503.1300,1503.3800,0
2026-05-18T03:30:00Z,1503.3800,1504.4800,1502.9399,1503.7800,0
2026-05-18T04:00:00Z,1503.8800,1503.9399,1502.3800,1503.7000,0
2026-05-18T04:30:00Z,1503.3400,1504.7800,1503.1400,1504.2800,0
2026-05-18T05:00:00Z,1504.2000,1504.7800,1502.6801,1503.1801,0
2026-05-18T05:30:00Z,1503.0800,1503.6400,1502.2800,1503.0000,0
2026-05-18T06:00:00Z,1503.0800,1503.2800,1498.0500,1500.0800,0
2026-05-18T06:30:00Z,1500.2800,1500.2800,1496.2800,1498.2300,0
2026-05-18T07:00:00Z,1498.0200,1498.9000,1495.9800,1496.4500,0
2026-05-18T07:30:00Z,1496.4800,1497.3800,1494.4800,1497.1801,0
2026-05-18T08:00:00Z,1497.1801,1497.3000,1495.1801,1495.8101,0
2026-05-18T08:30:00Z,1495.3800,1495.8500,1493.2800,1495.0100,0
2026-05-18T09:00:00Z,1495.0100,1496.9800,1493.7800,1496.8101,0
2026-05-18T09:30:00Z,1496.7600,1499.8500,1496.4800,1499.1000,0
2026-05-18T10:00:00Z,1499.1000,1500.9100,1498.6801,1500.4800,0
2026-05-18T10:30:00Z,1500.4800,1501.5800,1499.8800,1500.8400,0
2026-05-18T11:00:00Z,1500.8400,1502.1200,1500.3800,1501.4301,0
2026-05-18T11:30:00Z,1501.5100,1501.7800,1494.7800,1498.1500,0
2026-05-18T12:00:00Z,1498.2300,1498.8600,1494.7800,1498.0699,0
2026-05-18T12:30:00Z,1497.6801,1498.1801,1492.8800,1494.1801,0
2026-05-18T13:00:00Z,1493.8700,1496.1500,1493.0800,1494.9200,0
2026-05-18T13:30:00Z,1494.5200,1495.4500,1492.8800,1493.0800,0
2026-05-18T14:00:00Z,1493.9800,1496.8600,1493.3800,1495.9500,0
2026-05-18T14:30:00Z,1495.9500,1498.1801,1495.3800,1496.6000,0
2026-05-18T15:00:00Z,1496.6200,1498.3800,1494.6801,1496.3300,0
2026-05-18T15:30:00Z,1495.7800,1496.7600,1494.0800,1494.7500,0
2026-05-18T16:00:00Z,1494.7500,1495.4900,1493.2800,1494.9100,0
2026-05-18T16:30:00Z,1494.5800,1495.7800,1491.4800,1492.9100,0
2026-05-18T17:00:00Z,1492.6899,1493.1100,1490.5900,1490.9800,0
2026-05-18T17:30:00Z,1491.2500,1493.0699,1490.0601,1491.0699,0
2026-05-18T18:00:00Z,1490.8800,1493.0699,1489.2300,1492.8199,0
2026-05-18T18:30:00Z,1492.3199,1494.0300,1491.8900,1493.6899,0
2026-05-18T19:00:00Z,1493.7000,1494.4200,1488.8199,1490.4301,0
2026-05-18T19:30:00Z,1490.4399,1490.6300,1488.4500,1489.0400,0
2026-05-18T20:00:00Z,1489.3900,1490.5601,1488.8000,1489.5400,0
2026-05-18T20:30:00Z,1489.3800,1489.9000,1489.0200,1489.1100,0
2026-05-18T21:00:00Z,1489.1500,1489.2100,1488.5000,1489.1600,0
2026-05-18T21:30:00Z,1489.1801,1489.1801,1487.9301,1488.0900,0
2026-05-18T22:00:00Z,1488.0400,1488.6200,1487.9500,1488.3400,0
2026-05-18T23:30:00Z,1488.3400,1488.3400,1488.3400,1488.3400,0
2026-05-19T00:00:00Z,1488.4000,1498.2800,1488.4000,1498.1801,0
2026-05-19T00:30:00Z,1498.2800,1500.0800,1497.6100,1499.5900,0
2026-05-19T01:00:00Z,1499.9800,1501.2700,1498.6700,1500.4100,0
2026-05-19T01:30:00Z,1500.3800,1502.2800,1500.1300,1501.3800,0
2026-05-19T02:00:00Z,1501.1801,1502.7800,1501.1600,1502.7800,0
2026-05-19T02:30:00Z,1502.7800,1503.7800,1500.9600,1503.5800,0
2026-05-19T03:00:00Z,1503.6801,1505.3800,1503.1500,1503.9900,0
2026-05-19T03:30:00Z,1504.6801,1505.8800,1503.7400,1505.1801,0
2026-05-19T04:00:00Z,1505.3199,1506.3800,1504.4700,1505.9800,0
2026-05-19T04:30:00Z,1506.1801,1506.6801,1505.2400,1506.1400,0
2026-05-19T05:00:00Z,1506.1801,1507.4800,1505.2500,1506.4700,0
2026-05-19T05:30:00Z,1506.4900,1507.0800,1505.4200,1505.9399,0
2026-05-19T06:00:00Z,1505.9500,1509.2800,1505.4800,1507.4800,0
2026-05-19T06:30:00Z,1507.5800,1508.1700,1506.0800,1507.7600,0
2026-05-19T07:00:00Z,1508.0800,1509.1801,1506.9800,1508.0900,0
2026-05-19T07:30:00Z,1508.1100,1508.7300,1505.3800,1506.1801,0
2026-05-19T08:00:00Z,1506.1801,1508.2200,1505.4800,1508.0100,0
2026-05-19T08:30:00Z,1507.8101,1509.1801,1506.6801,1508.2400,0
2026-05-19T09:00:00Z,1508.2500,1510.0800,1508.0800,1509.2000,0
2026-05-19T09:30:00Z,1509.1899,1509.7400,1506.6801,1507.8600,0
2026-05-19T10:00:00Z,1508.0601,1508.1700,1505.3800,1507.3500,0
2026-05-19T10:30:00Z,1506.7700,1508.8800,1505.2800,1507.3400,0
2026-05-19T11:00:00Z,1507.0800,1509.6801,1505.3800,1509.2100,0
2026-05-19T11:30:00Z,1509.4700,1509.5800,1507.7800,1509.0601,0
2026-05-19T12:00:00Z,1509.4800,1509.8800,1505.2800,1507.4800,0
2026-05-19T12:30:00Z,1507.6100,1507.8800,1504.8900,1507.2800,0
2026-05-19T13:00:00Z,1507.9000,1512.9800,1505.2800,1512.8000,0
2026-05-19T13:30:00Z,1511.8800,1512.5800,1508.2800,1508.8500,0
2026-05-19T14:00:00Z,1508.8300,1513.0800,1508.2800,1512.4700,0
2026-05-19T14:30:00Z,1512.3500,1512.7800,1508.9800,1511.2800,0
2026-05-19T15:00:00Z,1511.4301,1511.4301,1507.9600,1509.0200,0
2026-05-19T15:30:00Z,1508.9900,1510.2000,1507.6801,1508.0601,0
2026-05-19T16:00:00Z,1508.0601,1509.2500,1505.2800,1507.5300,0
2026-05-19T16:30:00Z,1507.3500,1509.5800,1505.2800,1506.7200,0
2026-05-19T17:00:00Z,1506.7200,1507.4100,1504.4200,1507.2900,0
2026-05-19T17:30:00Z,1507.2900,1507.4600,1505.6000,1507.3199,0
2026-05-19T18:00:00Z,1507.2600,1507.4100,1505.0601,1506.2400,0
2026-05-19T18:30:00Z,1506.1899,1507.3000,1505.6000,1506.8600,0
2026-05-19T19:00:00Z,1506.8600,1507.3600,1506.1801,1506.8199,0
2026-05-19T19:30:00Z,1506.7900,1507.7900,1506.2300,1507.1899,0
2026-05-19T20:00:00Z,1507.3800,1507.9399,1506.8500,1507.8500,0
2026-05-19T20:30:00Z,1507.2400,1508.0100,1506.7800,1507.2500,0
2026-05-19T21:00:00Z,1507.2600,1507.8199,1507.0500,1507.6700,0
2026-05-19T21:30:00Z,1507.7000,1508.7400,1506.7700,1506.8600,0
2026-05-19T22:00:00Z,1506.8101,1508.7400,1506.7700,1506.8300,0
2026-05-20T00:00:00Z,1506.8500,1513.2800,1506.8500,1511.5800,0
2026-05-20T00:30:00Z,1511.4800,1511.8800,1510.6801,1511.3800,0
2026-05-20T01:00:00Z,1511.2800,1511.4200,1509.3700,1511.1801,0
2026-05-20T01:30:00Z,1511.2800,1511.6801,1506.7800,1507.6300,0
2026-05-20T02:00:00Z,1507.6100,1507.8800,1503.6500,1505.3800,0
2026-05-20T02:30:00Z,1505.4800,1510.2800,1505.3000,1508.4800,0
2026-05-20T03:00:00Z,1508.5800,1509.3800,1506.7800,1508.6600,0
2026-05-20T03:30:00Z,1508.5300,1509.4800,1506.7800,1509.2300,0
2026-05-20T04:00:00Z,1508.7600,1509.1801,1506.7800,1508.4800,0
2026-05-20T04:30:00Z,1508.9301,1512.4800,1508.4900,1511.9800,0
2026-05-20T05:00:00Z,1512.1801,1512.1801,1509.7800,1510.7800,0
2026-05-20T05:30:00Z,1510.5800,1510.9100,1509.2800,1510.6500,0
2026-05-20T06:00:00Z,1510.4800,1510.5800,1505.5800,1506.2800,0
2026-05-20T06:30:00Z,1506.4800,1507.1801,1504.9800,1506.7800,0
2026-05-20T07:00:00Z,1506.8199,1506.8500,1504.2800,1506.0500,0
2026-05-20T07:30:00Z,1505.9301,1507.1000,1504.7800,1506.8800,0
2026-05-20T08:00:00Z,1506.5900,1509.6100,1505.8800,1506.8800,0
2026-05-20T08:30:00Z,1507.5800,1508.3500,1504.0800,1505.0800,0
2026-05-20T09:00:00Z,1505.1300,1506.7600,1503.9800,1506.0100,0
2026-05-20T09:30:00Z,1506.0100,1506.7800,1504.9800,1506.5400,0
2026-05-20T10:00:00Z,1506.5300,1506.5699,1504.4800,1505.1100,0
2026-05-20T10:30:00Z,1505.5500,1505.7500,1502.2800,1504.6899,0
2026-05-20T11:00:00Z,1504.7800,1505.8101,1504.0800,1505.2400,0
2026-05-20T11:30:00Z,1504.8700,1506.7100,1503.6801,1505.5500,0
2026-05-20T12:00:00Z,1505.5800,1506.0200,1504.0800,1505.0800,0
2026-05-20T12:30:00Z,1504.8900,1506.6801,1503.9800,1506.4800,0
2026-05-20T13:00:00Z,1506.4800,1507.1801,1505.3800,1506.7200,0
2026-05-20T13:30:00Z,1506.9800,1507.5601,1504.5800,1506.1801,0
2026-05-20T14:00:00Z,1506.0100,1507.5800,1499.7800,1500.9700,0
2026-05-20T14:30:00Z,1501.0000,1501.1801,1495.3800,1497.0800,0
2026-05-20T15:00:00Z,1497.0800,1498.8800,1490.9800,1497.4100,0
2026-05-20T15:30:00Z,1497.3101,1499.1300,1493.8800,1498.6500,0
2026-05-20T16:00:00Z,1498.7500,1499.1400,1496.1801,1497.1801,0
2026-05-20T16:30:00Z,1497.6100,1498.7200,1494.8800,1496.5601,0
2026-05-20T17:00:00Z,1496.5601,1496.8500,1495.4900,1496.5900,0
2026-05-20T17:30:00Z,1496.5800,1496.9900,1495.7100,1496.4700,0
2026-05-20T18:00:00Z,1496.5601,1496.8800,1496.1000,1496.2800,0
2026-05-20T18:30:00Z,1496.2700,1497.0601,1495.8500,1497.0400,0
2026-05-20T19:00:00Z,1496.8199,1497.4500,1496.3900,1496.6000,0
2026-05-20T19:30:00Z,1496.6000,1497.5200,1496.5000,1497.1700,0
2026-05-20T20:00:00Z,1497.1200,1497.4900,1496.4399,1496.7700,0
2026-05-20T20:30:00Z,1496.7700,1497.5900,1496.5699,1497.4600,0
2026-05-20T21:00:00Z,1497.4500,1497.8600,1496.5000,1497.4800,0
2026-05-20T21:30:00Z,1497.4800,1497.4800,1496.3800,1496.4800,0
2026-05-20T22:00:00Z,1496.4900,1496.4900,1496.3800,1496.4500,0
2026-05-20T23:00:00Z,1496.4500,1496.4500,1496.4500,1496.4500,0
2026-05-20T23:30:00Z,1496.4500,1496.4500,1496.4500,1496.4500,0
2026-05-21T00:00:00Z,1496.4700,1501.1801,1496.4700,1500.2800,0
2026-05-21T00:30:00Z,1500.2800,1501.0800,1498.4800,1499.6500,0
2026-05-21T01:00:00Z,1499.8800,1500.1801,1498.3900,1500.0800,0
2026-05-21T01:30:00Z,1499.9800,1504.7800,1499.2800,1503.2800,0
2026-05-21T02:00:00Z,1503.0800,1503.1300,1501.6700,1502.8800,0
2026-05-21T02:30:00Z,1502.9500,1504.9800,1501.9301,1504.9800,0
2026-05-21T03:00:00Z,1504.9800,1505.5800,1503.3600,1504.0200,0
2026-05-21T03:30:00Z,1504.1400,1504.9800,1502.9900,1504.4800,0
2026-05-21T04:00:00Z,1504.3000,1505.6801,1504.1600,1504.5000,0
2026-05-21T04:30:00Z,1504.5699,1505.4301,1504.0699,1504.8800,0
2026-05-21T05:00:00Z,1504.9399,1506.4800,1503.3400,1506.0800,0
2026-05-21T05:30:00Z,1505.9800,1507.2800,1505.0000,1505.6400,0
2026-05-21T06:00:00Z,1505.6899,1507.3800,1504.1801,1505.1801,0
2026-05-21T06:30:00Z,1505.4800,1506.6700,1504.4800,1505.2200,0
2026-05-21T07:00:00Z,1505.2400,1506.2800,1503.8800,1506.0400,0
2026-05-21T07:30:00Z,1506.3800,1506.7000,1503.9800,1504.1801,0
2026-05-21T08:00:00Z,1504.6500,1504.9301,1500.7800,1502.8199,0
2026-05-21T08:30:00Z,1503.1600,1504.0800,1501.2800,1503.5699,0
2026-05-21T09:00:00Z,1503.4000,1503.8900,1501.2800,1502.4500,0
2026-05-21T09:30:00Z,1502.3800,1504.9800,1501.2800,1503.8900,0
2026-05-21T10:00:00Z,1503.9100,1508.8800,1501.3800,1507.6801,0
2026-05-21T10:30:00Z,1507.3800,1509.9800,1504.5000,1508.8800,0
2026-05-21T11:00:00Z,1508.0800,1508.9200,1504.0800,1507.3500,0
2026-05-21T11:30:00Z,1507.3800,1509.1801,1504.2800,1508.5300,0
2026-05-21T12:00:00Z,1508.3600,1509.9700,1507.2800,1508.9800,0
2026-05-21T12:30:00Z,1507.1801,1509.5000,1505.6801,1509.5000,0
2026-05-21T13:00:00Z,1509.0800,1510.5000,1507.5800,1509.7100,0
2026-05-21T13:30:00Z,1509.9800,1511.6801,1506.5800,1507.9800,0
2026-05-21T14:00:00Z,1508.3300,1509.4800,1506.6801,1507.9800,0
2026-05-21T14:30:00Z,1508.0400,1509.1801,1506.8800,1507.4100,0
2026-05-21T15:00:00Z,1507.3800,1510.0900,1506.9800,1507.2800,0
2026-05-21T15:30:00Z,1508.1899,1509.3101,1506.9800,1508.6801,0
2026-05-21T16:00:00Z,1508.4900,1509.4800,1506.9800,1508.0400,0
2026-05-21T16:30:00Z,1508.0200,1509.0900,1506.9800,1508.3199,0
2026-05-21T17:00:00Z,1508.3199,1508.3199,1501.5000,1502.0800,0
2026-05-21T17:30:00Z,1501.9399,1502.4301,1501.4600,1501.6000,0
2026-05-21T18:00:00Z,1501.5900,1502.6300,1500.7700,1501.3000,0
2026-05-21T18:30:00Z,1501.2800,1505.9800,1500.8900,1505.3101,0
2026-05-21T19:00:00Z,1504.9700,1505.4500,1502.8500,1503.4200,0
2026-05-21T19:30:00Z,1503.4700,1504.3600,1502.1300,1502.5500,0
2026-05-21T20:00:00Z,1502.5200,1504.5100,1502.5200,1504.3400,0
2026-05-21T20:30:00Z,1504.3500,1505.0900,1503.2000,1503.6801,0
2026-05-21T21:00:00Z,1503.8000,1506.4000,1502.9900,1503.1300,0
2026-05-21T21:30:00Z,1503.1400,1508.1000,1502.9301,1508.0900,0
2026-05-21T22:00:00Z,1508.1000,1508.1100,1503.6300,1507.7700,0
2026-05-21T22:30:00Z,1507.7700,1507.7700,1507.7700,1507.7700,0
2026-05-22T00:00:00Z,1504.8300,1508.0800,1503.8800,1507.4800,0
2026-05-22T00:30:00Z,1507.4800,1508.3800,1506.5800,1507.5100,0
2026-05-22T01:00:00Z,1507.5100,1510.7800,1507.1300,1510.6801,0
2026-05-22T01:30:00Z,1510.5800,1512.4800,1509.8800,1511.9399,0
2026-05-22T02:00:00Z,1512.0800,1512.1100,1509.1500,1509.5800,0
2026-05-22T02:30:00Z,1509.5800,1514.7800,1509.2800,1514.7800,0
2026-05-22T03:00:00Z,1514.4100,1514.8800,1513.1300,1513.6500,0
2026-05-22T03:30:00Z,1513.9301,1515.6801,1513.4900,1514.4301,0
2026-05-22T04:00:00Z,1514.3600,1515.1801,1512.8800,1514.4800,0
2026-05-22T04:30:00Z,1514.4800,1516.1801,1513.8500,1515.8800,0
2026-05-22T05:00:00Z,1515.7800,1516.0800,1514.2000,1515.7800,0
2026-05-22T05:30:00Z,1515.8800,1518.4800,1515.2800,1517.6500,0
2026-05-22T06:00:00Z,1517.8800,1519.2800,1513.9800,1515.8800,0
2026-05-22T06:30:00Z,1515.5800,1518.4800,1515.5800,1516.7100,0
2026-05-22T07:00:00Z,1516.7300,1517.4800,1514.4800,1515.3800,0
2026-05-22T07:30:00Z,1515.2900,1516.8800,1514.3800,1515.7500,0
2026-05-22T08:00:00Z,1515.8000,1517.1801,1514.7800,1516.4100,0
2026-05-22T08:30:00Z,1516.1000,1517.5000,1515.3000,1517.2500,0
2026-05-22T09:00:00Z,1516.9500,1519.0800,1516.5800,1517.9200,0
2026-05-22T09:30:00Z,1517.8000,1518.3500,1514.3800,1517.1500,0
2026-05-22T10:00:00Z,1517.1500,1517.2800,1514.4800,1517.0800,0
2026-05-22T10:30:00Z,1516.7800,1517.6801,1514.2800,1516.9301,0
2026-05-22T11:00:00Z,1516.8400,1517.6801,1514.2800,1517.1600,0
2026-05-22T11:30:00Z,1517.1500,1517.8800,1514.2800,1516.6100,0
2026-05-22T12:00:00Z,1516.6200,1517.3800,1514.0200,1516.0800,0
2026-05-22T12:30:00Z,1516.0800,1516.8800,1514.2800,1514.4399,0
2026-05-22T13:00:00Z,1514.3800,1515.7800,1511.2200,1514.1600,0
2026-05-22T13:30:00Z,1514.6801,1516.4800,1511.2800,1515.7800,0
2026-05-22T14:00:00Z,1515.7800,1517.7800,1512.4800,1516.3600,0
2026-05-22T14:30:00Z,1516.8800,1517.4800,1515.0100,1517.2200,0
2026-05-22T15:00:00Z,1517.3101,1517.5800,1515.3800,1515.6000,0
2026-05-22T15:30:00Z,1515.9800,1517.5800,1515.3300,1516.7800,0
2026-05-22T16:00:00Z,1516.7800,1517.8800,1516.3800,1516.5900,0
2026-05-22T16:30:00Z,1517.2500,1517.5800,1516.3000,1516.7800,0
2026-05-22T17:00:00Z,1516.7800,1517.4100,1516.2700,1516.9301,0
2026-05-22T17:30:00Z,1516.9800,1517.0300,1515.6200,1516.5400,0
2026-05-22T18:00:00Z,1516.9700,1517.1600,1515.4600,1516.8000,0
2026-05-22T18:30:00Z,1516.7500,1517.2400,1516.4600,1516.8900,0
2026-05-22T19:00:00Z,1516.8199,1517.7500,1516.8000,1517.5400,0
2026-05-22T19:30:00Z,1517.7700,1519.9800,1517.1000,1519.9000,0
2026-05-22T20:00:00Z,1519.9500,1520.0601,1518.7900,1519.7600,0
2026-05-22T20:30:00Z,1519.3800,1520.9200,1517.2300,1520.5300,0
2026-05-25T00:00:00Z,1520.6300,1520.6300,1511.1600,1511.1600,0
2026-05-25T00:30:00Z,1509.3900,1510.7700,1508.1801,1510.7700,0
2026-05-25T01:00:00Z,1510.8000,1510.8300,1506.0000,1506.0000,0
2026-05-25T01:30:00Z,1505.8600,1509.9900,1505.8199,1509.9000,0
2026-05-25T02:00:00Z,1509.8600,1509.9200,1507.8600,1508.6100,0
2026-05-25T02:30:00Z,1508.3400,1510.1899,1508.2100,1510.1801,0
2026-05-25T03:00:00Z,1510.1899,1510.2200,1509.5699,1510.1801,0
2026-05-25T03:30:00Z,1510.1300,1517.1000,1509.7200,1510.3400,0
2026-05-25T04:00:00Z,1510.3400,1517.1000,1510.2800,1510.3199,0
2026-05-25T04:30:00Z,1510.3000,1517.1000,1508.3900,1508.8400,0
2026-05-25T05:00:00Z,1508.4700,1509.5300,1507.2100,1508.4301,0
2026-05-25T05:30:00Z,1508.2100,1511.2300,1508.2100,1510.9100,0
2026-05-25T06:00:00Z,1510.9200,1517.1000,1510.8400,1511.3400,0
2026-05-25T06:30:00Z,1511.3400,1513.2500,1511.3400,1512.4800,0
2026-05-25T07:00:00Z,1512.3199,1513.5200,1511.7000,1513.4100,0
2026-05-25T07:30:00Z,1513.4100,1517.1000,1512.7500,1515.3600,0
2026-05-25T08:00:00Z,1514.9600,1515.5601,1513.1801,1514.3800,0
2026-05-25T08:30:00Z,1514.3900,1517.1000,1513.1801,1513.1801,0
2026-05-25T09:00:00Z,1513.1801,1513.7100,1511.1400,1513.0699,0
2026-05-25T09:30:00Z,1513.0800,1513.4700,1512.1600,1513.1600,0
2026-05-25T10:00:00Z,1513.0699,1517.1000,1512.6801,1513.1600,0
2026-05-25T10:30:00Z,1513.1400,1513.4100,1512.8500,1513.3600,0
2026-05-25T11:00:00Z,1513.2500,1515.4900,1513.2300,1514.3300,0
2026-05-25T11:30:00Z,1514.3000,1514.3000,1512.1899,1513.2800,0
2026-05-25T12:00:00Z,1513.5300,1513.6899,1512.8600,1513.4500,0
2026-05-25T12:30:00Z,1513.3600,1513.5601,1510.9900,1513.4100,0
2026-05-25T13:00:00Z,1513.4301,1513.7100,1512.8400,1513.3300,0
2026-05-25T13:30:00Z,1513.3500,1513.5300,1512.2700,1513.5300,0
2026-05-25T14:00:00Z,1513.5000,1513.5200,1512.5800,1512.6400,0
2026-05-25T14:30:00Z,1512.6100,1513.5800,1511.4800,1512.8500,0
2026-05-25T15:00:00Z,1513.1100,1513.6300,1510.9100,1513.2100,0
2026-05-25T15:30:00Z,1512.8600,1513.3900,1511.9000,1512.7900,0
2026-05-25T16:00:00Z,1512.6899,1513.3101,1511.8800,1512.1100,0
2026-05-25T16:30:00Z,1512.1000,1513.0400,1511.4399,1511.6200,0
2026-05-25T17:00:00Z,1511.5500,1511.5800,1510.5500,1510.5500,0
2026-05-25T17:30:00Z,1510.5601,1511.2500,1510.1400,1510.5300,0
2026-05-25T18:00:00Z,1510.5400,1511.6700,1510.4800,1511.4200,0
2026-05-25T18:30:00Z,1511.4100,1511.4900,1510.4200,1511.2700,0
2026-05-25T19:00:00Z,1511.4399,1512.1400,1511.2600,1512.1400,0
2026-05-25T19:30:00Z,1512.1500,1512.2400,1511.2900,1511.2900,0
2026-05-25T20:00:00Z,1511.6500,1512.3199,1511.5900,1512.1801,0
2026-05-25T20:30:00Z,1511.6600,1512.3400,1511.3101,1512.1200,0
2026-05-25T21:00:00Z,1512.2200,1518.6000,1511.7000,1518.5900,0
2026-05-25T21:30:00Z,1518.5900,1518.5900,1513.0200,1516.6700,0
2026-05-25T22:00:00Z,1516.6400,1517.2800,1516.6400,1517.2300,0
2026-05-25T23:00:00Z,1517.2300,1517.2300,1517.2300,1517.2300,0
2026-05-25T23:30:00Z,1517.2300,1517.2300,1517.2300,1517.2300,0
2026-05-26T00:00:00Z,1517.2300,1517.2300,1512.1801,1512.5800,0
2026-05-26T00:30:00Z,1512.4800,1513.0699,1508.1801,1509.4600,0
2026-05-26T01:00:00Z,1509.3800,1510.1801,1506.4800,1506.9800,0
2026-05-26T01:30:00Z,1506.8800,1510.0800,1506.5800,1507.6600,0
2026-05-26T02:00:00Z,1507.7800,1509.6801,1506.2800,1509.0800,0
2026-05-26T02:30:00Z,1509.0800,1509.5900,1507.4800,1507.8800,0
2026-05-26T03:00:00Z,1508.0800,1508.2100,1505.5500,1506.7800,0
2026-05-26T03:30:00Z,1507.1000,1507.3800,1505.8800,1506.6801,0
2026-05-26T04:00:00Z,1506.5000,1507.4800,1506.0100,1506.4800,0
2026-05-26T04:30:00Z,1506.5800,1506.9800,1505.6400,1506.6801,0
2026-05-26T05:00:00Z,1506.6000,1507.5699,1506.2800,1506.6801,0
2026-05-26T05:30:00Z,1506.9200,1506.9301,1504.4800,1505.6801,0
2026-05-26T06:00:00Z,1506.0200,1506.6801,1503.4800,1504.2800,0
2026-05-26T06:30:00Z,1504.1801,1505.0900,1501.3800,1503.4800,0
2026-05-26T07:00:00Z,1502.6801,1506.5000,1502.3800,1503.3800,0
2026-05-26T07:30:00Z,1503.7800,1505.5800,1503.2800,1503.5500,0
2026-05-26T08:00:00Z,1502.8800,1505.0200,1502.5800,1504.4200,0
2026-05-26T08:30:00Z,1504.4399,1505.4301,1503.3800,1504.2500,0
2026-05-26T09:00:00Z,1504.4800,1505.3800,1503.1801,1503.6200,0
2026-05-26T09:30:00Z,1503.4600,1504.6400,1503.2800,1504.0699,0
2026-05-26T10:00:00Z,1504.2300,1504.5200,1503.2800,1503.7300,0
2026-05-26T10:30:00Z,1503.3600,1503.4800,1499.7800,1501.4600,0
2026-05-26T11:00:00Z,1501.7500,1502.5300,1499.7800,1502.0200,0
2026-05-26T11:30:00Z,1502.2200,1504.7400,1501.9000,1504.5800,0
2026-05-26T12:00:00Z,1504.6500,1505.6801,1503.4200,1504.1700,0
2026-05-26T12:30:00Z,1504.5400,1505.1400,1503.6300,1504.0800,0
2026-05-26T13:00:00Z,1503.9800,1505.9800,1503.7800,1505.8101,0
2026-05-26T13:30:00Z,1505.9800,1506.1801,1502.7800,1504.1801,0
2026-05-26T14:00:00Z,1504.3800,1505.0800,1502.0200,1503.3800,0
2026-05-26T14:30:00Z,1503.8900,1504.3800,1501.9800,1504.3500,0
2026-05-26T15:00:00Z,1504.2200,1506.0200,1503.0800,1504.8800,0
2026-05-26T15:30:00Z,1505.5800,1507.5500,1504.7800,1506.4500,0
2026-05-26T16:00:00Z,1506.7300,1507.3400,1505.2800,1506.7200,0
2026-05-26T16:30:00Z,1506.4700,1508.0699,1505.2800,1507.5400,0
2026-05-26T17:00:00Z,1507.1200,1507.6700,1506.4500,1507.0300,0
2026-05-26T17:30:00Z,1507.2900,1508.0400,1506.9500,1507.2300,0
2026-05-26T18:00:00Z,1507.3800,1508.1801,1506.7300,1507.3300,0
2026-05-26T18:30:00Z,1507.4000,1508.0800,1505.8800,1506.9301,0
2026-05-26T19:00:00Z,1506.9600,1507.1801,1506.5699,1506.8400,0
2026-05-26T19:30:00Z,1506.7400,1507.2000,1506.4600,1507.1400,0
2026-05-26T20:00:00Z,1506.7900,1507.3101,1506.6899,1506.9399,0
2026-05-26T20:30:00Z,1507.2700,1507.4100,1506.7100,1507.2000,0
2026-05-26T21:00:00Z,1506.9301,1509.5900,1506.4399,1508.7300,0
2026-05-26T21:30:00Z,1508.6700,1508.6700,1506.3000,1506.3800,0
2026-05-26T22:00:00Z,1506.3800,1508.7900,1506.3800,1507.8101,0
2026-05-26T22:30:00Z,1507.8101,1507.8101,1507.8101,1507.8101,0
2026-05-27T00:00:00Z,1506.6200,1506.6200,1502.1801,1502.9800,0
2026-05-27T00:30:00Z,1502.7000,1504.5699,1502.7000,1504.0900,0
2026-05-27T01:00:00Z,1504.5800,1504.8800,1502.5601,1504.5000,0
2026-05-27T01:30:00Z,1504.4800,1504.8800,1503.5800,1504.3199,0
2026-05-27T02:00:00Z,1504.5800,1504.5800,1501.2800,1502.2400,0
2026-05-27T02:30:00Z,1502.1801,1502.4800,1499.4000,1500.5699,0
2026-05-27T03:00:00Z,1500.4800,1500.8800,1499.3000,1500.0601,0
2026-05-27T03:30:00Z,1500.0800,1500.7800,1498.8800,1500.2800,0
2026-05-27T04:00:00Z,1500.6600,1500.6600,1497.7800,1499.2800,0
2026-05-27T04:30:00Z,1499.1801,1499.6200,1497.7800,1498.6801,0
2026-05-27T05:00:00Z,1498.4700,1499.4800,1497.5800,1498.7800,0
2026-05-27T05:30:00Z,1498.7800,1499.9000,1498.4800,1499.7800,0
2026-05-27T06:00:00Z,1499.6600,1501.4301,1499.0800,1500.5800,0
2026-05-27T06:30:00Z,1500.8800,1501.2800,1498.5800,1500.8500,0
2026-05-27T07:00:00Z,1500.8800,1503.3900,1499.7800,1501.6801,0
2026-05-27T07:30:00Z,1501.6801,1502.3500,1500.2800,1501.7200,0
2026-05-27T08:00:00Z,1501.7500,1502.3800,1499.4800,1499.7700,0
2026-05-27T08:30:00Z,1500.0100,1500.4700,1496.7800,1498.0800,0
2026-05-27T09:00:00Z,1498.3800,1498.8300,1495.6801,1496.4800,0
2026-05-27T09:30:00Z,1496.1700,1498.8000,1496.0800,1497.3900,0
2026-05-27T10:00:00Z,1497.4000,1497.9800,1496.4800,1497.2400,0
2026-05-27T10:30:00Z,1497.5800,1498.3800,1496.6801,1498.1801,0
2026-05-27T11:00:00Z,1497.8600,1498.7800,1494.8800,1498.6100,0
2026-05-27T11:30:00Z,1498.6100,1500.3500,1497.6801,1499.6801,0
2026-05-27T12:00:00Z,1500.1200,1500.1200,1492.6801,1494.4800,0
2026-05-27T12:30:00Z,1494.5000,1498.3800,1492.6801,1497.3800,0
2026-05-27T13:00:00Z,1497.3800,1498.2800,1496.7800,1497.1000,0
2026-05-27T13:30:00Z,1497.5800,1497.5800,1494.9800,1495.9700,0
2026-05-27T14:00:00Z,1495.9800,1497.3800,1494.7800,1496.2800,0
2026-05-27T14:30:00Z,1496.2800,1497.7800,1494.7800,1497.0200,0
2026-05-27T15:00:00Z,1496.2800,1498.4800,1494.7800,1497.9000,0
2026-05-27T15:30:00Z,1497.3400,1500.3400,1494.8800,1498.3199,0
2026-05-27T16:00:00Z,1498.2600,1499.2300,1495.7800,1498.1700,0
2026-05-27T16:30:00Z,1498.1600,1499.2900,1497.0400,1498.7100,0
2026-05-27T17:00:00Z,1499.0400,1501.8101,1499.0400,1500.6600,0
2026-05-27T17:30:00Z,1500.6600,1501.3500,1499.3900,1499.5100,0
2026-05-27T18:00:00Z,1500.2300,1501.0500,1499.3700,1499.8101,0
2026-05-27T18:30:00Z,1500.0601,1500.9600,1498.3101,1500.4301,0
2026-05-27T19:00:00Z,1499.5000,1500.9301,1499.3300,1500.6801,0
2026-05-27T19:30:00Z,1499.5699,1501.0000,1499.4301,1500.6500,0
2026-05-27T20:00:00Z,1500.7000,1501.8199,1499.4301,1501.3000,0
2026-05-27T20:30:00Z,1501.6400,1501.9800,1500.8500,1501.9800,0
2026-05-27T21:00:00Z,1501.5500,1502.4600,1499.9100,1501.5500,0
2026-05-27T21:30:00Z,1501.6500,1501.6899,1499.9900,1500.6700,0
2026-05-27T22:00:00Z,1500.7000,1501.4000,1499.9700,1500.3300,0
2026-05-27T23:00:00Z,1500.3300,1500.3300,1500.3300,1500.3300,0
2026-05-28T00:00:00Z,1500.3500,1505.5800,1500.3500,1504.1801,0
2026-05-28T00:30:00Z,1504.0800,1505.1300,1502.8800,1503.7800,0
2026-05-28T01:00:00Z,1503.6801,1505.2300,1503.0800,1505.0000,0
2026-05-28T01:30:00Z,1504.8800,1507.6600,1504.4800,1506.9800,0
2026-05-28T02:00:00Z,1507.1801,1507.4301,1505.1801,1505.5800,0
2026-05-28T02:30:00Z,1505.4800,1507.1801,1504.8800,1506.5900,0
2026-05-28T03:00:00Z,1506.8800,1509.3800,1505.5800,1509.1801,0
2026-05-28T03:30:00Z,1509.2600,1510.6801,1507.6801,1508.5800,0
2026-05-28T04:00:00Z,1508.3800,1508.9800,1507.3800,1508.0601,0
2026-05-28T04:30:00Z,1508.0699,1508.0800,1506.3800,1507.1801,0
2026-05-28T05:00:00Z,1507.0800,1507.4800,1505.9800,1506.3800,0
2026-05-28T05:30:00Z,1506.0800,1506.2800,1501.8800,1504.4301,0
2026-05-28T06:00:00Z,1504.4399,1504.9800,1501.3800,1502.5800,0
2026-05-28T06:30:00Z,1502.6801,1504.1801,1501.1801,1503.9800,0
2026-05-28T07:00:00Z,1504.1801,1504.3900,1501.6801,1503.6400,0
2026-05-28T07:30:00Z,1503.7000,1504.1100,1501.4800,1502.5100,0
2026-05-28T08:00:00Z,1502.5500,1503.9100,1501.2800,1502.4399,0
2026-05-28T08:30:00Z,1502.4800,1503.2800,1500.7800,1501.1801,0
2026-05-28T09:00:00Z,1501.1801,1501.9301,1499.8800,1500.3800,0
2026-05-28T09:30:00Z,1500.2800,1501.7800,1500.1801,1501.6801,0
2026-05-28T10:00:00Z,1501.4700,1502.4700,1500.8500,1501.6801,0
2026-05-28T10:30:00Z,1501.7300,1503.1700,1499.9800,1502.9800,0
2026-05-28T11:00:00Z,1503.1801,1503.2700,1499.8800,1502.4200,0
2026-05-28T11:30:00Z,1502.3700,1503.2200,1499.8800,1502.3700,0
2026-05-28T12:00:00Z,1502.3500,1502.9000,1501.9800,1502.0800,0
2026-05-28T12:30:00Z,1502.0100,1502.3000,1499.3800,1500.7400,0
2026-05-28T13:00:00Z,1500.7700,1502.2100,1499.8800,1501.7700,0
2026-05-28T13:30:00Z,1501.9500,1502.5900,1499.2800,1501.0800,0
2026-05-28T14:00:00Z,1501.0800,1501.8600,1493.0800,1494.1801,0
2026-05-28T14:30:00Z,1494.0800,1497.2800,1493.3800,1495.4301,0
2026-05-28T15:00:00Z,1495.7800,1495.7800,1493.7800,1494.3500,0
2026-05-28T15:30:00Z,1494.4399,1495.9600,1493.7800,1495.7100,0
2026-05-28T16:00:00Z,1495.8199,1496.4500,1493.0800,1493.5000,0
2026-05-28T16:30:00Z,1493.1801,1494.2700,1492.2800,1493.0900,0
2026-05-28T17:00:00Z,1493.5900,1494.8400,1492.9100,1493.9700,0
2026-05-28T17:30:00Z,1493.7800,1493.9700,1492.7700,1493.1700,0
2026-05-28T18:00:00Z,1493.6200,1496.0300,1492.8300,1495.8700,0
2026-05-28T18:30:00Z,1495.8000,1495.9900,1493.9200,1494.0100,0
2026-05-28T19:00:00Z,1494.7700,1495.3101,1493.9000,1493.9600,0
2026-05-28T19:30:00Z,1494.2800,1494.9500,1493.5000,1493.6600,0
2026-05-28T20:00:00Z,1493.6400,1495.7900,1493.5400,1494.4200,0
2026-05-28T20:30:00Z,1494.7900,1496.7800,1493.8400,1495.3101,0
2026-05-28T21:00:00Z,1495.9600,1496.3500,1493.9600,1495.2700,0
2026-05-28T21:30:00Z,1495.2900,1495.2900,1492.3900,1493.6700,0
2026-05-28T22:00:00Z,1493.7100,1494.1400,1493.3800,1493.6899,0
2026-05-29T00:00:00Z,1493.7100,1499.2800,1493.7100,1499.1801,0
2026-05-29T00:30:00Z,1499.1801,1501.7000,1498.9399,1501.4800,0
2026-05-29T01:00:00Z,1501.4800,1503.0800,1499.2300,1499.4399,0
2026-05-29T01:30:00Z,1499.5800,1501.6801,1499.4100,1501.1300,0
2026-05-29T02:00:00Z,1500.9800,1502.1801,1500.0800,1501.7800,0
2026-05-29T02:30:00Z,1501.7800,1502.2800,1499.2800,1501.9800,0
2026-05-29T03:00:00Z,1502.1801,1503.4800,1500.8800,1502.8800,0
2026-05-29T03:30:00Z,1502.8400,1505.4800,1501.9800,1502.7800,0
2026-05-29T04:00:00Z,1502.7800,1503.3800,1501.8800,1502.5800,0
2026-05-29T04:30:00Z,1502.5800,1504.6801,1502.4800,1504.6801,0
2026-05-29T05:00:00Z,1504.9800,1505.0800,1502.9800,1504.5000,0
2026-05-29T05:30:00Z,1504.0800,1505.2800,1502.2800,1502.6899,0
2026-05-29T06:00:00Z,1502.8800,1507.6801,1502.0800,1507.5800,0
2026-05-29T06:30:00Z,1507.3800,1507.7600,1505.3800,1506.2800,0
2026-05-29T07:00:00Z,1506.1801,1509.1801,1505.5800,1506.9800,0
2026-05-29T07:30:00Z,1507.8800,1509.3800,1506.8800,1508.1801,0
2026-05-29T08:00:00Z,1508.1200,1509.9000,1507.2000,1508.2800,0
2026-05-29T08:30:00Z,1508.3000,1510.4800,1507.6801,1507.6801,0
2026-05-29T09:00:00Z,1507.7800,1508.9399,1506.8800,1507.8900,0
2026-05-29T09:30:00Z,1507.7600,1509.0800,1507.0800,1507.9800,0
2026-05-29T10:00:00Z,1507.8800,1508.5100,1506.8800,1507.8500,0
2026-05-29T10:30:00Z,1507.8700,1508.3500,1507.1801,1507.9100,0
2026-05-29T11:00:00Z,1507.9600,1508.0800,1504.6801,1506.6100,0
2026-05-29T11:30:00Z,1506.0800,1507.1801,1504.7800,1505.7800,0
2026-05-29T12:00:00Z,1505.9800,1506.7800,1505.1801,1506.2700,0
2026-05-29T12:30:00Z,1506.3101,1507.7800,1505.7300,1505.7300,0
2026-05-29T13:00:00Z,1505.7700,1506.4200,1505.5000,1506.0699,0
2026-05-29T13:30:00Z,1506.0900,1506.2800,1504.8600,1505.3800,0
2026-05-29T14:00:00Z,1505.0900,1505.4800,1503.8800,1504.5200,0
2026-05-29T14:30:00Z,1504.5400,1505.3800,1500.8800,1504.0800,0
2026-05-29T15:00:00Z,1503.5900,1504.1801,1500.7800,1503.0900,0
2026-05-29T15:30:00Z,1503.2200,1504.1400,1500.7800,1503.5000,0
2026-05-29T16:00:00Z,1503.5100,1504.3600,1502.2800,1503.9700,0
2026-05-29T16:30:00Z,1503.8500,1504.6200,1502.2800,1503.8800,0
2026-05-29T17:00:00Z,1503.6200,1504.7300,1503.5300,1504.3400,0
2026-05-29T17:30:00Z,1504.5400,1505.9301,1504.1000,1505.1801,0
2026-05-29T18:00:00Z,1505.7600,1506.1400,1504.2300,1505.4200,0
2026-05-29T18:30:00Z,1505.3101,1506.3400,1504.1801,1505.9700,0
2026-05-29T19:00:00Z,1505.9700,1506.9600,1504.3000,1506.4301,0
2026-05-29T19:30:00Z,1506.4399,1508.0400,1504.2500,1508.0400,0
2026-05-29T20:00:00Z,1507.8000,1509.2000,1507.6000,1507.6000,0
2026-05-29T20:30:00Z,1507.7300,1508.1300,1505.9100,1507.1300,0
2026-05-29T21:30:00Z,1507.1300,1507.1300,1507.1300,1507.1300,0
2026-06-01T00:00:00Z,1507.3900,1510.1801,1504.4100,1510.0800,0
2026-06-01T00:30:00Z,1509.8400,1513.6600,1509.4800,1513.3800,0
2026-06-01T01:00:00Z,1513.5800,1514.1801,1512.8800,1513.7200,0
2026-06-01T01:30:00Z,1513.7800,1517.1500,1513.1801,1514.6801,0
2026-06-01T02:00:00Z,1514.6100,1516.7800,1514.0800,1516.3800,0
2026-06-01T02:30:00Z,1516.4800,1518.0800,1515.8800,1516.3600,0
2026-06-01T03:00:00Z,1516.3700,1517.0900,1514.9800,1516.1801,0
2026-06-01T03:30:00Z,1516.2800,1516.7300,1515.1600,1515.8400,0
2026-06-01T04:00:00Z,1515.8600,1515.8700,1512.7500,1513.7300,0
2026-06-01T04:30:00Z,1513.7300,1514.6801,1513.4800,1513.6801,0
2026-06-01T05:00:00Z,1513.6801,1513.9800,1511.2800,1512.2800,0
2026-06-01T05:30:00Z,1512.2800,1512.9000,1500.0800,1504.8800,0
2026-06-01T06:00:00Z,1504.8800,1505.8300,1502.8800,1503.7800,0
2026-06-01T06:30:00Z,1503.8800,1505.3800,1502.5800,1505.0800,0
2026-06-01T07:00:00Z,1505.1801,1507.8800,1504.6801,1506.5200,0
2026-06-01T07:30:00Z,1506.5200,1508.3800,1506.1801,1506.7800,0
2026-06-01T08:00:00Z,1506.9700,1507.9800,1505.6801,1506.2900,0
2026-06-01T08:30:00Z,1506.2800,1507.5800,1505.0800,1506.1801,0
2026-06-01T09:00:00Z,1506.6801,1507.1801,1505.8800,1506.8199,0
2026-06-01T09:30:00Z,1507.0000,1508.8199,1506.3800,1508.6400,0
2026-06-01T10:00:00Z,1508.6500,1509.1100,1507.9800,1508.4700,0
2026-06-01T10:30:00Z,1508.5200,1508.9399,1507.5800,1508.2400,0
2026-06-01T11:00:00Z,1508.4500,1509.2800,1507.8800,1508.4600,0
2026-06-01T11:30:00Z,1508.5400,1509.0800,1506.6801,1508.7100,0
2026-06-01T12:00:00Z,1508.7100,1509.2700,1507.7800,1508.5601,0
2026-06-01T12:30:00Z,1508.5601,1508.8800,1507.6801,1508.8800,0
2026-06-01T13:00:00Z,1508.8800,1514.2800,1506.3800,1513.4800,0
2026-06-01T13:30:00Z,1513.5100,1514.1400,1509.2800,1512.8800,0
2026-06-01T14:00:00Z,1512.7800,1513.3900,1511.1801,1512.5200,0
2026-06-01T14:30:00Z,1512.5500,1513.1899,1511.7800,1512.1700,0
2026-06-01T15:00:00Z,1512.0300,1512.7600,1509.2800,1510.3600,0
2026-06-01T15:30:00Z,1510.4500,1512.3800,1509.2200,1511.9000,0
2026-06-01T16:00:00Z,1511.5400,1514.8500,1509.3800,1514.3300,0
2026-06-01T16:30:00Z,1514.3800,1514.5300,1511.3800,1512.6801,0
2026-06-01T17:00:00Z,1512.9100,1514.6801,1512.6700,1513.6500,0
2026-06-01T17:30:00Z,1513.1600,1513.1600,1512.0400,1512.9000,0
2026-06-01T18:00:00Z,1512.9000,1513.3800,1512.6899,1512.8199,0
2026-06-01T18:30:00Z,1512.5601,1513.1899,1512.3600,1513.0900,0
2026-06-01T19:00:00Z,1513.0900,1513.5699,1512.5800,1513.0601,0
2026-06-01T19:30:00Z,1513.3101,1513.5100,1512.9301,1512.9900,0
2026-06-01T20:00:00Z,1513.2100,1513.6000,1512.8199,1513.4399,0
2026-06-01T20:30:00Z,1513.5400,1514.4000,1511.9100,1513.2200,0
2026-06-01T21:00:00Z,1513.4800,1514.2900,1512.4600,1513.3600,0
2026-06-01T21:30:00Z,1513.4700,1513.9700,1511.3700,1512.0699,0
2026-06-01T22:00:00Z,1511.8500,1512.9600,1511.4700,1511.7200,0
2026-06-01T22:30:00Z,1511.7200,1511.7200,1511.7200,1511.7200,0
2026-06-01T23:00:00Z,1511.7200,1511.7200,1511.7200,1511.7200,0
2026-06-02T00:00:00Z,1511.7100,1515.5100,1511.7100,1513.8800,0
2026-06-02T00:30:00Z,1513.7800,1514.6801,1508.6801,1508.8800,0
2026-06-02T01:00:00Z,1509.1801,1514.4200,1509.0800,1514.0800,0
2026-06-02T01:30:00Z,1513.9800,1517.8800,1513.8800,1516.5400,0
2026-06-02T02:00:00Z,1516.5800,1516.7800,1515.6801,1516.1100,0
2026-06-02T02:30:00Z,1516.1801,1518.4800,1514.9800,1518.3800,0
2026-06-02T03:00:00Z,1518.3800,1518.3800,1516.9800,1517.4800,0
2026-06-02T03:30:00Z,1517.4800,1518.2700,1517.1801,1517.4100,0
2026-06-02T04:00:00Z,1517.4900,1519.9800,1517.2800,1519.0800,0
2026-06-02T04:30:00Z,1518.9800,1519.1801,1514.6801,1516.1801,0
2026-06-02T05:00:00Z,1516.0800,1516.3800,1513.5800,1513.8800,0
2026-06-02T05:30:00Z,1513.6801,1517.3800,1513.2800,1517.3800,0
2026-06-02T06:00:00Z,1517.4800,1517.7800,1514.5800,1516.1801,0
2026-06-02T06:30:00Z,1516.1801,1519.8800,1514.3800,1518.2800,0
2026-06-02T07:00:00Z,1517.7800,1519.0800,1516.0800,1518.8700,0
2026-06-02T07:30:00Z,1518.5400,1519.1801,1516.9800,1518.3800,0
2026-06-02T08:00:00Z,1518.3800,1518.6400,1516.4800,1518.2000,0
2026-06-02T08:30:00Z,1517.8500,1518.2800,1516.3800,1517.8900,0
2026-06-02T09:00:00Z,1517.8700,1517.9800,1515.9800,1517.0601,0
2026-06-02T09:30:00Z,1517.1700,1517.8800,1516.2800,1517.2300,0
2026-06-02T10:00:00Z,1517.2500,1518.0800,1515.2800,1517.2200,0
2026-06-02T10:30:00Z,1517.3500,1517.9301,1516.3800,1517.3400,0
2026-06-02T11:00:00Z,1517.4700,1518.8300,1516.7800,1517.3300,0
2026-06-02T11:30:00Z,1517.2700,1517.7800,1516.0800,1516.8300,0
2026-06-02T12:00:00Z,1516.8500,1517.4800,1515.2800,1515.3800,0
2026-06-02T12:30:00Z,1516.0900,1516.9500,1515.3800,1516.8199,0
2026-06-02T13:00:00Z,1516.4900,1518.2800,1516.2800,1517.7200,0
2026-06-02T13:30:00Z,1517.7200,1518.0800,1515.2800,1516.1899,0
2026-06-02T14:00:00Z,1515.8800,1517.4399,1515.2800,1517.2100,0
2026-06-02T14:30:00Z,1516.9800,1517.4100,1516.2400,1516.4700,0
2026-06-02T15:00:00Z,1516.5900,1517.3900,1515.6801,1516.8800,0
2026-06-02T15:30:00Z,1516.8800,1517.6801,1515.8800,1516.9500,0
2026-06-02T16:00:00Z,1517.0800,1518.9900,1516.3800,1518.6801,0
2026-06-02T16:30:00Z,1518.6200,1519.1899,1515.0300,1517.5200,0
2026-06-02T17:00:00Z,1517.6400,1518.6899,1517.4900,1518.1600,0
2026-06-02T17:30:00Z,1518.3700,1519.3800,1518.0200,1518.6000,0
2026-06-02T18:00:00Z,1518.5000,1519.2400,1516.8400,1517.8800,0
2026-06-02T18:30:00Z,1518.0500,1518.0500,1516.4100,1517.7400,0
2026-06-02T19:00:00Z,1517.7400,1517.8800,1516.6500,1517.5200,0
2026-06-02T19:30:00Z,1517.4200,1517.8700,1516.7800,1517.7300,0
2026-06-02T20:00:00Z,1517.7300,1517.8101,1516.9301,1517.5699,0
2026-06-02T20:30:00Z,1517.5699,1517.8300,1516.8600,1517.0300,0
2026-06-02T21:00:00Z,1516.9100,1517.7700,1516.1500,1517.3300,0
2026-06-02T21:30:00Z,1517.3600,1517.4200,1515.1700,1516.4100,0
2026-06-02T22:00:00Z,1516.3400,1517.6899,1515.0699,1515.3000,0
2026-06-02T23:00:00Z,1515.3000,1515.3000,1515.3000,1515.3000,0
2026-06-03T00:00:00Z,1515.2300,1518.8800,1515.2300,1518.1600,0
2026-06-03T00:30:00Z,1517.8500,1518.2600,1517.3000,1517.4900,0
2026-06-03T01:00:00Z,1517.4100,1518.2300,1516.6600,1516.6600,0
2026-06-03T01:30:00Z,1516.7000,1517.3300,1515.5900,1515.8500,0
2026-06-03T02:00:00Z,1516.0500,1517.1400,1515.4301,1516.7500,0
2026-06-03T02:30:00Z,1516.7500,1519.1600,1516.7500,1518.9100,0
2026-06-03T03:00:00Z,1519.1100,1519.1700,1517.9000,1518.7900,0
2026-06-03T03:30:00Z,1518.8600,1519.2800,1517.8900,1518.5500,0
2026-06-03T04:00:00Z,1518.9000,1519.4700,1518.0000,1518.8900,0
2026-06-03T04:30:00Z,1518.7400,1519.1400,1517.4700,1518.0300,0
2026-06-03T05:00:00Z,1518.0300,1519.1700,1517.9200,1518.0000,0
2026-06-03T05:30:00Z,1519.3101,1523.2200,1518.0000,1523.2200,0
2026-06-03T06:00:00Z,1523.2200,1523.5800,1521.8101,1523.5800,0
2026-06-03T06:30:00Z,1523.7200,1525.7900,1522.2000,1524.1000,0
2026-06-03T07:00:00Z,1524.1801,1528.6100,1524.1801,1528.6100,0
2026-06-03T07:30:00Z,1527.1000,1527.2600,1526.0300,1526.0601,0
2026-06-03T08:00:00Z,1527.6300,1527.6300,1526.0100,1526.2000,0
2026-06-03T08:30:00Z,1526.4200,1531.3199,1518.0000,1526.9800,0
2026-06-03T09:00:00Z,1526.2700,1532.0000,1518.0000,1526.2500,0
2026-06-03T09:30:00Z,1526.5200,1531.7600,1524.5699,1531.0900,0
2026-06-03T10:00:00Z,1527.3300,1531.2500,1524.6700,1530.5900,0
2026-06-03T10:30:00Z,1530.6200,1531.2800,1524.2800,1526.6100,0
2026-06-03T11:00:00Z,1525.1899,1531.3400,1523.3199,1527.1899,0
2026-06-03T11:30:00Z,1525.8700,1530.5900,1523.2600,1525.7800,0
2026-06-03T12:00:00Z,1525.7800,1530.6801,1523.5900,1525.5100,0
2026-06-03T12:30:00Z,1525.9800,1530.0200,1525.6600,1525.7900,0
2026-06-03T13:00:00Z,1527.1700,1530.7000,1524.2200,1527.4800,0
2026-06-03T13:30:00Z,1526.6700,1530.8700,1525.6500,1526.8900,0
2026-06-03T14:00:00Z,1526.8900,1530.0900,1526.4200,1527.0300,0
2026-06-03T14:30:00Z,1527.2400,1530.2000,1524.6200,1527.1400,0
2026-06-03T15:00:00Z,1527.0300,1530.6899,1525.8400,1525.8600,0
2026-06-03T15:30:00Z,1529.2500,1529.2500,1525.3101,1527.4500,0
2026-06-03T16:00:00Z,1527.6200,1529.8101,1524.6100,1528.6600,0
2026-06-03T16:30:00Z,1528.8700,1529.4900,1527.4600,1527.9600,0
2026-06-03T17:00:00Z,1527.9600,1530.4399,1524.9600,1529.0500,0
2026-06-03T17:30:00Z,1529.0500,1530.8700,1525.0800,1529.3000,0
2026-06-03T18:00:00Z,1529.2000,1530.9399,1525.7100,1529.7900,0
2026-06-03T18:30:00Z,1530.0500,1530.9301,1523.5200,1530.0100,0
2026-06-03T19:00:00Z,1529.4200,1531.0800,1524.4399,1529.5601,0
2026-06-03T19:30:00Z,1529.5601,1536.3800,1524.8400,1533.9800,0
2026-06-03T20:00:00Z,1534.0300,1535.2600,1533.8300,1534.5000,0
2026-06-03T20:30:00Z,1534.5000,1535.3900,1533.8800,1534.7100,0
2026-06-03T21:00:00Z,1534.6000,1534.6100,1530.2100,1532.2500,0
2026-06-03T21:30:00Z,1531.4800,1533.0699,1529.7100,1531.7200,0
2026-06-03T22:00:00Z,1531.4399,1532.6500,1529.1801,1532.1801,0
2026-06-03T23:30:00Z,1532.1801,1532.1801,1532.1801,1532.1801,0
2026-06-04T00:00:00Z,1530.6801,1530.6801,1521.2800,1527.3300,0
2026-06-04T00:30:00Z,1526.5800,1528.6000,1526.1801,1528.4900,0
2026-06-04T01:00:00Z,1528.2800,1530.0300,1527.4800,1529.9800,0
2026-06-04T01:30:00Z,1529.7600,1530.2800,1528.8800,1530.0800,0
2026-06-04T02:00:00Z,1530.0800,1530.0800,1527.6801,1528.6300,0
2026-06-04T02:30:00Z,1528.2800,1529.8600,1525.4800,1528.5800,0
2026-06-04T03:00:00Z,1528.0800,1529.5699,1527.3800,1529.0699,0
2026-06-04T03:30:00Z,1529.3900,1530.0200,1528.7800,1529.7100,0
2026-06-04T04:00:00Z,1529.7100,1530.2600,1529.1801,1529.6100,0
2026-06-04T04:30:00Z,1529.6000,1529.7700,1527.3800,1529.3800,0
2026-06-04T05:00:00Z,1529.3800,1529.8101,1528.5800,1529.0800,0
2026-06-04T05:30:00Z,1529.0800,1529.9500,1528.2800,1529.6100,0
2026-06-04T06:00:00Z,1529.3800,1530.7000,1528.6801,1529.1801,0
2026-06-04T06:30:00Z,1529.3800,1531.8700,1528.4800,1531.8700,0
2026-06-04T07:00:00Z,1531.8700,1536.6801,1530.6801,1535.0800,0
2026-06-04T07:30:00Z,1535.0800,1538.9399,1534.2800,1538.8500,0
2026-06-04T08:00:00Z,1538.8500,1540.2400,1537.6801,1538.3900,0
2026-06-04T08:30:00Z,1538.0800,1539.4200,1537.3800,1538.0800,0
2026-06-04T09:00:00Z,1537.8800,1537.8800,1533.3800,1536.6200,0
2026-06-04T09:30:00Z,1536.4000,1536.7600,1535.0800,1535.7800,0
2026-06-04T10:00:00Z,1535.6801,1535.7800,1533.2800,1534.2800,0
2026-06-04T10:30:00Z,1534.2800,1534.6801,1533.2800,1533.8800,0
2026-06-04T11:00:00Z,1533.9800,1534.1500,1530.2800,1532.1500,0
2026-06-04T11:30:00Z,1532.1500,1534.0900,1530.3800,1531.9700,0
2026-06-04T12:00:00Z,1532.0000,1533.4800,1530.2800,1533.1300,0
2026-06-04T12:30:00Z,1533.1300,1533.1400,1531.7400,1532.9800,0
2026-06-04T13:00:00Z,1532.7800,1534.0800,1531.9800,1533.3600,0
2026-06-04T13:30:00Z,1533.2000,1533.8800,1530.3800,1531.4600,0
2026-06-04T14:00:00Z,1531.6500,1532.7800,1530.6801,1531.9900,0
2026-06-04T14:30:00Z,1531.7700,1532.5800,1530.6801,1531.4900,0
2026-06-04T15:00:00Z,1530.9800,1532.2800,1530.6801,1531.5400,0
2026-06-04T15:30:00Z,1531.6000,1532.1500,1530.6801,1531.7700,0
2026-06-04T16:00:00Z,1531.4000,1531.9800,1530.3400,1531.5200,0
2026-06-04T16:30:00Z,1531.5200,1532.3900,1530.2800,1531.7700,0
2026-06-04T17:00:00Z,1531.7700,1532.5900,1531.7000,1531.7900,0
2026-06-04T17:30:00Z,1531.7900,1532.7600,1531.6801,1532.5400,0
2026-06-04T18:00:00Z,1531.7600,1532.6500,1531.6700,1531.9200,0
2026-06-04T18:30:00Z,1531.9200,1533.6100,1531.8000,1531.8101,0
2026-06-04T19:00:00Z,1531.9100,1533.2900,1531.8300,1531.9900,0
2026-06-04T19:30:00Z,1531.9900,1533.1500,1531.7200,1532.0100,0
2026-06-04T20:00:00Z,1532.0900,1533.2100,1531.7600,1532.5200,0
2026-06-04T20:30:00Z,1532.8101,1533.3700,1531.7700,1531.8600,0
2026-06-04T21:00:00Z,1532.3300,1533.5400,1532.3199,1533.3000,0
2026-06-04T21:30:00Z,1533.0800,1533.0800,1532.0100,1532.7900,0
2026-06-04T22:00:00Z,1532.8600,1533.3900,1532.0400,1532.6000,0
2026-06-04T23:00:00Z,1532.6000,1532.6000,1532.6000,1532.6000,0
2026-06-05T00:00:00Z,1532.4500,1538.9100,1531.6801,1538.0800,0
2026-06-05T00:30:00Z,1538.0800,1541.3400,1537.6801,1540.6200,0
2026-06-05T01:00:00Z,1540.3800,1549.3199,1539.7800,1547.7800,0
2026-06-05T01:30:00Z,1548.1200,1548.4500,1543.8800,1547.9800,0
2026-06-05T02:00:00Z,1547.8800,1548.4900,1544.1801,1544.7800,0
2026-06-05T02:30:00Z,1544.8800,1545.7900,1541.4800,1544.7800,0
2026-06-05T03:00:00Z,1545.1801,1545.1801,1543.2800,1544.1801,0
2026-06-05T03:30:00Z,1544.2800,1546.1000,1544.2800,1545.1500,0
2026-06-05T04:00:00Z,1544.8600,1545.5000,1543.0800,1543.7800,0
2026-06-05T04:30:00Z,1543.8400,1544.0601,1541.0800,1542.4800,0
2026-06-05T05:00:00Z,1542.4800,1543.3300,1541.2800,1541.8800,0
2026-06-05T05:30:00Z,1542.1500,1542.9900,1539.3800,1542.5800,0
2026-06-05T06:00:00Z,1542.5800,1544.7800,1539.7800,1539.7800,0
2026-06-05T06:30:00Z,1539.3800,1541.0200,1537.6801,1539.6801,0
2026-06-05T07:00:00Z,1539.9200,1542.4000,1539.0800,1539.1801,0
2026-06-05T07:30:00Z,1539.2800,1541.1801,1535.7800,1540.5100,0
2026-06-05T08:00:00Z,1540.5800,1541.2800,1537.9800,1539.3800,0
2026-06-05T08:30:00Z,1539.3800,1539.7400,1537.9800,1539.3800,0
2026-06-05T09:00:00Z,1539.3800,1539.8800,1534.2800,1537.0800,0
2026-06-05T09:30:00Z,1538.0400,1538.3500,1534.2800,1537.1801,0
2026-06-05T10:00:00Z,1537.2300,1538.3800,1536.2800,1537.2400,0
2026-06-05T10:30:00Z,1537.0100,1538.1801,1536.6801,1537.8800,0
2026-06-05T11:00:00Z,1537.4800,1539.5800,1536.9800,1538.9800,0
2026-06-05T11:30:00Z,1538.1801,1542.3800,1538.1801,1541.8400,0
2026-06-05T12:00:00Z,1541.8600,1542.7800,1539.3800,1542.5800,0
2026-06-05T12:30:00Z,1542.5000,1550.9800,1540.8800,1550.3800,0
2026-06-05T13:00:00Z,1550.1801,1554.4500,1549.2800,1554.3700,0
2026-06-05T13:30:00Z,1554.3800,1555.6801,1550.2800,1553.5601,0
2026-06-05T14:00:00Z,1553.6500,1556.0200,1550.2800,1555.7400,0
2026-06-05T14:30:00Z,1555.6300,1555.6700,1550.2800,1553.2800,0
2026-06-05T15:00:00Z,1553.2800,1555.6100,1550.2800,1555.2200,0
2026-06-05T15:30:00Z,1555.2300,1555.9301,1554.5601,1555.9301,0
2026-06-05T16:00:00Z,1555.8800,1561.4800,1554.8800,1560.4600,0
2026-06-05T16:30:00Z,1560.5400,1560.7200,1557.6600,1557.6600,0
2026-06-05T17:00:00Z,1557.7600,1559.3101,1557.2900,1558.1200,0
2026-06-05T17:30:00Z,1557.6700,1559.2900,1557.1700,1558.2900,0
2026-06-05T18:00:00Z,1558.4800,1560.4100,1558.0000,1560.0500,0
2026-06-05T18:30:00Z,1559.8101,1560.1801,1558.3700,1559.4200,0
2026-06-05T19:00:00Z,1558.7600,1560.1500,1558.3400,1558.9600,0
2026-06-05T19:30:00Z,1558.9301,1559.0400,1557.4700,1558.8900,0
2026-06-05T20:00:00Z,1559.0000,1559.2400,1558.3000,1558.8000,0
2026-06-05T20:30:00Z,1559.2800,1560.0000,1558.4399,1558.8400,0
2026-06-05T21:30:00Z,1558.8400,1558.8400,1558.8400,1558.8400,0
2026-06-05T22:00:00Z,1558.8400,1558.8400,1558.8400,1558.8400,0
2026-06-08T00:00:00Z,1559.4399,1559.4399,1551.0800,1554.4800,0
2026-06-08T00:30:00Z,1554.5800,1555.0200,1546.8800,1548.2800,0
2026-06-08T01:00:00Z,1548.3800,1550.8199,1545.7800,1550.0800,0
2026-06-08T01:30:00Z,1550.5100,1550.8900,1547.4800,1548.9800,0
2026-06-08T02:00:00Z,1548.8800,1551.8900,1548.4800,1551.6801,0
2026-06-08T02:30:00Z,1551.6200,1553.5699,1545.1801,1548.9200,0
2026-06-08T03:00:00Z,1547.8101,1549.5500,1546.7800,1548.7700,0
2026-06-08T03:30:00Z,1548.6500,1549.6200,1546.7800,1548.9800,0
2026-06-08T04:00:00Z,1548.8800,1549.1600,1544.9800,1545.4800,0
2026-06-08T04:30:00Z,1545.5800,1549.6300,1545.4800,1548.8800,0
2026-06-08T05:00:00Z,1548.8800,1549.3800,1536.2800,1538.0800,0
2026-06-08T05:30:00Z,1538.0800,1542.3700,1535.7800,1541.7200,0
2026-06-08T06:00:00Z,1541.7100,1542.5800,1533.7800,1535.1801,0
2026-06-08T06:30:00Z,1535.1700,1537.0699,1532.6600,1533.1700,0
2026-06-08T07:00:00Z,1533.1700,1533.2300,1530.5900,1531.8000,0
2026-06-08T07:30:00Z,1531.8300,1533.4700,1531.1400,1531.3000,0
2026-06-08T08:00:00Z,1531.3000,1532.1200,1530.8101,1531.6899,0
2026-06-08T08:30:00Z,1531.4100,1532.9200,1530.3300,1532.7500,0
2026-06-08T09:00:00Z,1532.8300,1535.3900,1531.0300,1534.7700,0
2026-06-08T09:30:00Z,1534.7700,1535.2000,1530.4600,1533.1100,0
2026-06-08T10:00:00Z,1533.1100,1534.8800,1531.8500,1534.3500,0
2026-06-08T10:30:00Z,1534.3500,1534.8600,1531.3199,1531.5900,0
2026-06-08T11:00:00Z,1534.0400,1534.6801,1527.9301,1529.4800,0
2026-06-08T11:30:00Z,1529.5900,1529.8800,1525.2800,1527.8900,0
2026-06-08T12:00:00Z,1527.9301,1528.2500,1525.2800,1526.9200,0
2026-06-08T12:30:00Z,1527.1400,1528.2700,1525.7600,1526.5200,0
2026-06-08T13:00:00Z,1527.0800,1527.3800,1525.0601,1525.9200,0
2026-06-08T13:30:00Z,1525.9200,1528.3900,1524.6300,1527.2900,0
2026-06-08T14:00:00Z,1527.3000,1529.2800,1525.7800,1527.1500,0
2026-06-08T14:30:00Z,1525.8800,1528.4800,1525.4700,1527.2000,0
2026-06-08T15:00:00Z,1527.1000,1528.4800,1525.8800,1528.1200,0
2026-06-08T15:30:00Z,1528.1200,1528.9900,1526.8800,1527.0000,0
2026-06-08T16:00:00Z,1527.0000,1527.2700,1525.7600,1526.5800,0
2026-06-08T16:30:00Z,1526.4000,1526.8500,1525.0800,1526.2600,0
2026-06-08T17:00:00Z,1526.2400,1527.0500,1525.4100,1525.9900,0
2026-06-08T17:30:00Z,1525.9900,1526.6300,1525.3101,1526.0500,0
2026-06-08T18:00:00Z,1526.0500,1526.5400,1525.6200,1526.0699,0
2026-06-08T18:30:00Z,1526.2100,1526.6899,1525.7200,1526.3700,0
2026-06-08T19:00:00Z,1526.3500,1527.0200,1525.9700,1526.3101,0
2026-06-08T19:30:00Z,1526.3101,1527.8700,1526.1100,1526.4700,0
2026-06-08T20:00:00Z,1527.3500,1527.5900,1526.1899,1526.4600,0
2026-06-08T20:30:00Z,1526.4900,1526.5500,1525.9399,1526.3600,0
2026-06-08T21:00:00Z,1526.3800,1527.4900,1526.3400,1526.7400,0
2026-06-08T21:30:00Z,1526.7400,1527.4900,1526.3500,1526.7800,0
2026-06-08T22:00:00Z,1526.7300,1527.6700,1526.6100,1526.8400,0
2026-06-09T00:00:00Z,1529.0800,1533.0200,1528.7800,1532.4800,0
2026-06-09T00:30:00Z,1532.4800,1532.7500,1518.7800,1522.4900,0
2026-06-09T01:00:00Z,1521.0000,1522.2400,1521.0000,1521.7900,0
2026-06-09T01:30:00Z,1522.0400,1522.1400,1516.1801,1516.7500,0
2026-06-09T02:00:00Z,1516.5000,1517.8000,1513.6801,1516.3600,0
2026-06-09T02:30:00Z,1516.3800,1519.1801,1515.3800,1519.1801,0
2026-06-09T03:00:00Z,1519.0601,1519.4200,1517.6801,1518.8800,0
2026-06-09T03:30:00Z,1518.4800,1519.7200,1518.0800,1518.9200,0
2026-06-09T04:00:00Z,1519.0800,1519.2900,1515.3800,1517.2500,0
2026-06-09T04:30:00Z,1517.2800,1518.0400,1516.3199,1516.5800,0
2026-06-09T05:00:00Z,1516.7800,1517.1899,1514.1801,1515.5000,0
2026-06-09T05:30:00Z,1515.4800,1515.4800,1509.9800,1510.1801,0
2026-06-09T06:00:00Z,1510.2800,1513.2800,1508.9800,1512.1801,0
2026-06-09T06:30:00Z,1511.8800,1517.0601,1510.6801,1515.6500,0
2026-06-09T07:00:00Z,1515.6600,1518.9800,1515.0800,1517.2400,0
2026-06-09T07:30:00Z,1517.2800,1520.3800,1516.5800,1520.1700,0
2026-06-09T08:00:00Z,1520.0300,1522.0000,1519.8400,1521.1100,0
2026-06-09T08:30:00Z,1521.2800,1521.7900,1518.0800,1519.9399,0
2026-06-09T09:00:00Z,1519.8900,1520.7400,1518.8800,1520.6801,0
2026-06-09T09:30:00Z,1520.5800,1521.6600,1518.8800,1521.3600,0
2026-06-09T10:00:00Z,1521.2100,1523.3800,1518.9800,1522.3500,0
2026-06-09T10:30:00Z,1522.5500,1524.0800,1522.0900,1524.0800,0
2026-06-09T11:00:00Z,1523.8800,1525.3800,1523.2600,1523.6100,0
2026-06-09T11:30:00Z,1523.6100,1525.6400,1522.9200,1525.2700,0
2026-06-09T12:00:00Z,1525.0699,1526.8199,1523.0000,1526.7800,0
2026-06-09T12:30:00Z,1526.8400,1527.9200,1523.8800,1525.8300,0
2026-06-09T13:00:00Z,1525.6000,1526.3700,1523.8300,1525.3000,0
2026-06-09T13:30:00Z,1525.2400,1526.6300,1521.8800,1525.2800,0
2026-06-09T14:00:00Z,1525.2600,1526.6500,1522.3800,1525.6700,0
2026-06-09T14:30:00Z,1525.4500,1526.5000,1524.9800,1525.2200,0
2026-06-09T15:00:00Z,1525.2200,1528.8800,1524.3800,1528.8800,0
2026-06-09T15:30:00Z,1528.9700,1530.7600,1528.4900,1529.1899,0
2026-06-09T16:00:00Z,1529.1801,1532.5900,1525.3900,1530.9500,0
2026-06-09T16:30:00Z,1531.1899,1533.6400,1529.5200,1530.6700,0
2026-06-09T17:00:00Z,1530.6801,1530.6801,1526.3300,1527.8600,0
2026-06-09T17:30:00Z,1527.6200,1530.1400,1526.8199,1527.5601,0
2026-06-09T18:00:00Z,1527.5900,1528.2100,1525.4700,1525.7800,0
2026-06-09T18:30:00Z,1525.6200,1526.1300,1524.6899,1525.0300,0
2026-06-09T19:00:00Z,1525.0100,1527.9600,1525.0100,1526.5800,0
2026-06-09T19:30:00Z,1526.8800,1526.9301,1524.2500,1524.8800,0
2026-06-09T20:00:00Z,1524.8800,1525.0100,1521.0699,1522.8700,0
2026-06-09T20:30:00Z,1522.9800,1523.0400,1522.1400,1522.2100,0
2026-06-09T21:00:00Z,1522.4600,1526.4399,1522.0601,1525.9100,0
2026-06-09T21:30:00Z,1525.9399,1525.9399,1524.6100,1524.6700,0
2026-06-09T22:00:00Z,1524.6200,1527.5300,1524.5699,1527.2200,0
2026-06-10T00:00:00Z,1527.4000,1527.4000,1513.6801,1516.8800,0
2026-06-10T00:30:00Z,1516.7800,1519.7800,1516.7800,1519.3800,0
2026-06-10T01:00:00Z,1519.2800,1519.7000,1516.8800,1519.0800,0
2026-06-10T01:30:00Z,1519.3400,1524.8800,1518.8800,1524.1801,0
2026-06-10T02:00:00Z,1523.9000,1524.8000,1522.6801,1522.9800,0
2026-06-10T02:30:00Z,1522.8800,1524.8000,1522.0800,1523.0800,0
2026-06-10T03:00:00Z,1523.3800,1524.2600,1522.3800,1523.3199,0
2026-06-10T03:30:00Z,1523.4500,1524.0800,1521.3000,1523.4800,0
2026-06-10T04:00:00Z,1523.5800,1524.8500,1522.9800,1523.2800,0
2026-06-10T04:30:00Z,1523.1801,1525.2700,1522.9800,1524.4800,0
2026-06-10T05:00:00Z,1524.7900,1525.1300,1522.4800,1523.0699,0
2026-06-10T05:30:00Z,1523.0800,1525.0300,1522.4800,1524.2300,0
2026-06-10T06:00:00Z,1523.7800,1525.9100,1523.2800,1524.1801,0
2026-06-10T06:30:00Z,1523.8800,1526.4700,1523.5800,1526.3300,0
2026-06-10T07:00:00Z,1526.3500,1528.2800,1525.6801,1527.6000,0
2026-06-10T07:30:00Z,1527.6400,1528.2800,1525.3101,1525.4800,0
2026-06-10T08:00:00Z,1525.4800,1527.2800,1523.8800,1525.1400,0
2026-06-10T08:30:00Z,1525.1600,1525.3600,1519.8800,1523.1801,0
2026-06-10T09:00:00Z,1523.2000,1524.2100,1520.2800,1523.3700,0
2026-06-10T09:30:00Z,1523.3101,1523.8199,1520.2800,1522.9000,0
2026-06-10T10:00:00Z,1523.0601,1523.1801,1520.2800,1520.3800,0
2026-06-10T10:30:00Z,1521.7400,1522.4800,1520.2800,1521.9000,0
2026-06-10T11:00:00Z,1522.0400,1524.6801,1520.2800,1524.6500,0
2026-06-10T11:30:00Z,1524.5800,1525.6400,1523.6700,1524.8700,0
2026-06-10T12:00:00Z,1524.5900,1524.9200,1523.3700,1523.9399,0
2026-06-10T12:30:00Z,1523.3500,1523.3500,1516.7800,1520.6200,0
2026-06-10T13:00:00Z,1521.1400,1521.4800,1519.5000,1520.4600,0
2026-06-10T13:30:00Z,1520.5200,1521.7800,1516.7800,1518.4000,0
2026-06-10T14:00:00Z,1518.3800,1519.6100,1516.7800,1518.8000,0
2026-06-10T14:30:00Z,1518.7800,1520.1400,1516.7800,1519.9800,0
2026-06-10T15:00:00Z,1519.7300,1520.8000,1518.2800,1519.2700,0
2026-06-10T15:30:00Z,1518.9500,1521.1500,1518.0400,1519.2400,0
2026-06-10T16:00:00Z,1519.2200,1519.4900,1518.0699,1519.3000,0
2026-06-10T16:30:00Z,1519.1000,1521.0000,1518.1899,1520.5900,0
2026-06-10T17:00:00Z,1520.1899,1521.0900,1519.4100,1520.0400,0
2026-06-10T17:30:00Z,1520.2900,1520.3400,1517.8500,1518.4399,0
2026-06-10T18:00:00Z,1518.7300,1520.0699,1518.2000,1520.0000,0
2026-06-10T18:30:00Z,1520.0000,1520.5900,1519.4200,1520.1000,0
2026-06-10T19:00:00Z,1520.2300,1521.4100,1520.0601,1520.2300,0
2026-06-10T19:30:00Z,1520.4399,1521.1500,1520.0400,1520.3500,0
2026-06-10T20:00:00Z,1521.0400,1522.6700,1520.1600,1520.1899,0
2026-06-10T20:30:00Z,1520.2800,1522.8199,1520.1600,1522.1801,0
2026-06-10T21:00:00Z,1522.2900,1523.2600,1520.8400,1520.9600,0
2026-06-10T21:30:00Z,1520.9600,1524.0800,1520.9500,1521.6899,0
2026-06-10T22:00:00Z,1521.6100,1523.2500,1519.5601,1520.5400,0
2026-06-11T00:00:00Z,1520.4800,1525.8800,1520.4800,1524.3800,0
2026-06-11T00:30:00Z,1524.4700,1525.8400,1524.0400,1525.7800,0
2026-06-11T01:00:00Z,1525.7800,1526.8101,1524.8800,1525.9800,0
2026-06-11T01:30:00Z,1525.8600,1527.5200,1525.8600,1527.0000,0
2026-06-11T02:00:00Z,1527.1801,1528.6200,1526.8800,1528.2800,0
2026-06-11T02:30:00Z,1528.1801,1528.4399,1526.7800,1527.2800,0
2026-06-11T03:00:00Z,1527.1801,1527.3000,1523.7500,1524.2500,0
2026-06-11T03:30:00Z,1524.3800,1526.2100,1523.0000,1525.7100,0
2026-06-11T04:00:00Z,1525.1801,1526.8800,1525.1801,1526.1600,0
2026-06-11T04:30:00Z,1526.0200,1526.8900,1524.7800,1524.7800,0
2026-06-11T05:00:00Z,1524.9800,1527.0800,1524.7800,1527.0500,0
2026-06-11T05:30:00Z,1526.9800,1528.9800,1526.1801,1527.5800,0
2026-06-11T06:00:00Z,1528.1000,1529.9700,1527.4800,1529.4800,0
2026-06-11T06:30:00Z,1529.4800,1533.6600,1528.5800,1532.0800,0
2026-06-11T07:00:00Z,1532.3800,1533.0800,1528.6801,1529.8800,0
2026-06-11T07:30:00Z,1529.8000,1531.4100,1528.5800,1530.8800,0
2026-06-11T08:00:00Z,1530.5800,1530.6500,1528.3700,1530.1801,0
2026-06-11T08:30:00Z,1530.1000,1530.9900,1529.0900,1530.2900,0
2026-06-11T09:00:00Z,1530.3000,1532.7000,1529.5500,1531.0200,0
2026-06-11T09:30:00Z,1531.1400,1531.8101,1529.7800,1530.5400,0
2026-06-11T10:00:00Z,1530.5800,1531.3700,1529.7800,1530.7800,0
2026-06-11T10:30:00Z,1530.5900,1531.3500,1529.1700,1530.5500,0
2026-06-11T11:00:00Z,1530.7400,1530.9900,1529.6000,1530.0400,0
2026-06-11T11:30:00Z,1529.9200,1530.3800,1528.2600,1529.3800,0
2026-06-11T12:00:00Z,1529.2900,1533.7800,1528.2500,1531.8800,0
2026-06-11T12:30:00Z,1531.5800,1533.8500,1529.4200,1530.7800,0
2026-06-11T13:00:00Z,1531.0500,1533.3199,1529.6200,1532.6801,0
2026-06-11T13:30:00Z,1532.8500,1533.2700,1529.7700,1531.0800,0
2026-06-11T14:00:00Z,1529.8800,1532.6801,1529.8800,1531.1300,0
2026-06-11T14:30:00Z,1531.4100,1532.7200,1530.2800,1531.9500,0
2026-06-11T15:00:00Z,1531.9500,1533.0800,1529.6500,1529.7700,0
2026-06-11T15:30:00Z,1530.2200,1531.4700,1528.7600,1531.0300,0
2026-06-11T16:00:00Z,1530.6700,1531.6899,1529.6400,1531.2200,0
2026-06-11T16:30:00Z,1531.0601,1531.3600,1529.0200,1530.9900,0
2026-06-11T17:00:00Z,1531.0900,1531.9900,1528.1100,1528.1100,0
2026-06-11T17:30:00Z,1528.4900,1528.4900,1525.6100,1525.6100,0
2026-06-11T18:00:00Z,1524.2700,1524.2700,1520.8600,1521.6200,0
2026-06-11T18:30:00Z,1521.5100,1523.1801,1518.4200,1520.2100,0
2026-06-11T19:00:00Z,1520.2100,1520.2100,1517.9900,1518.0800,0
2026-06-11T19:30:00Z,1518.0800,1518.0800,1518.0000,1518.0000,0
2026-06-11T20:00:00Z,1515.7300,1515.8500,1514.8600,1515.0300,0
2026-06-11T20:30:00Z,1515.0400,1515.9900,1515.0400,1515.7200,0
2026-06-11T21:00:00Z,1515.8101,1521.4301,1515.4000,1520.5601,0
2026-06-11T21:30:00Z,1520.4000,1521.0000,1515.6600,1516.0100,0
2026-06-12T00:00:00Z,1516.1801,1522.0800,1515.9600,1518.1801,0
2026-06-12T00:30:00Z,1518.4700,1519.5300,1516.7800,1517.8800,0
2026-06-12T01:00:00Z,1517.5800,1520.3800,1517.2800,1519.9800,0
2026-06-12T01:30:00Z,1519.7800,1521.8600,1519.6600,1520.9800,0
2026-06-12T02:00:00Z,1520.8800,1521.3000,1518.9800,1520.4800,0
2026-06-12T02:30:00Z,1520.1899,1521.3199,1519.7800,1520.6801,0
2026-06-12T03:00:00Z,1520.7400,1522.0300,1519.9200,1520.2800,0
2026-06-12T03:30:00Z,1520.2000,1521.3800,1518.7600,1520.2800,0
2026-06-12T04:00:00Z,1520.4800,1521.7800,1520.2800,1520.5699,0
2026-06-12T04:30:00Z,1520.3500,1521.3800,1520.3500,1520.9800,0
2026-06-12T05:00:00Z,1521.0601,1522.0300,1519.7800,1521.2800,0
2026-06-12T05:30:00Z,1521.3800,1522.0601,1520.2800,1521.4800,0
2026-06-12T06:00:00Z,1521.7300,1521.7300,1518.8800,1519.6000,0
2026-06-12T06:30:00Z,1519.7800,1522.1801,1519.0800,1520.8400,0
2026-06-12T07:00:00Z,1520.7100,1523.0800,1520.7000,1521.5699,0
2026-06-12T07:30:00Z,1521.5699,1523.5900,1521.0800,1521.0800,0
2026-06-12T08:00:00Z,1521.3000,1521.5300,1515.2800,1519.1801,0
2026-06-12T08:30:00Z,1518.6200,1519.6899,1515.2800,1517.8800,0
2026-06-12T09:00:00Z,1517.6300,1518.7800,1513.6801,1513.6801,0
2026-06-12T09:30:00Z,1514.2800,1519.0800,1513.7800,1517.9800,0
2026-06-12T10:00:00Z,1517.6801,1521.7800,1515.7800,1521.0800,0
2026-06-12T10:30:00Z,1519.8800,1521.3000,1519.3800,1520.4500,0
2026-06-12T11:00:00Z,1520.6801,1520.8800,1515.7800,1519.0100,0
2026-06-12T11:30:00Z,1519.0800,1519.8700,1515.7800,1519.8700,0
2026-06-12T12:00:00Z,1519.5100,1521.0601,1518.4800,1520.8800,0
2026-06-12T12:30:00Z,1520.8800,1521.5800,1518.7800,1520.6000,0
2026-06-12T13:00:00Z,1520.8800,1521.1700,1515.7800,1518.7300,0
2026-06-12T13:30:00Z,1518.2700,1520.8800,1515.8800,1519.4301,0
2026-06-12T14:00:00Z,1519.4500,1520.3800,1515.7800,1517.9800,0
2026-06-12T14:30:00Z,1518.8300,1519.9800,1515.3500,1515.5200,0
2026-06-12T15:00:00Z,1515.3500,1517.2300,1514.4800,1515.9000,0
2026-06-12T15:30:00Z,1515.3199,1519.0300,1514.4800,1518.9100,0
2026-06-12T16:00:00Z,1519.0601,1519.7500,1515.7800,1517.4500,0
2026-06-12T16:30:00Z,1517.3400,1518.0200,1515.5800,1516.5500,0
2026-06-12T17:00:00Z,1516.5500,1517.3000,1516.2100,1517.2300,0
2026-06-12T17:30:00Z,1516.9900,1518.1200,1516.7700,1517.9399,0
2026-06-12T18:00:00Z,1517.4399,1518.6000,1517.2800,1517.6300,0
2026-06-12T18:30:00Z,1517.6300,1518.0500,1517.2500,1517.9100,0
2026-06-12T19:00:00Z,1518.0601,1518.3700,1517.0400,1517.2400,0
2026-06-12T19:30:00Z,1517.2900,1518.2800,1517.1200,1517.2200,0
2026-06-12T20:00:00Z,1517.1899,1517.9600,1517.1899,1517.4900,0
2026-06-12T20:30:00Z,1517.8199,1518.6100,1517.2000,1517.8900,0
2026-06-12T21:00:00Z,1517.8900,1517.8900,1517.8900,1517.8900,0
2026-06-14T23:00:00Z,1518.5699,1518.5699,1518.5699,1518.5699,0
2026-06-15T00:00:00Z,1510.2600,1510.7800,1503.5000,1505.3800,0
2026-06-15T00:30:00Z,1505.4800,1508.1100,1504.8800,1507.6200,0
2026-06-15T01:00:00Z,1507.6801,1511.6801,1507.3800,1511.1801,0
2026-06-15T01:30:00Z,1511.3800,1513.3800,1511.2100,1512.7800,0
2026-06-15T02:00:00Z,1512.8101,1513.6801,1512.0500,1512.5900,0
2026-06-15T02:30:00Z,1512.5800,1512.6801,1511.1200,1511.5800,0
2026-06-15T03:00:00Z,1511.5800,1512.0800,1510.5800,1511.1801,0
2026-06-15T03:30:00Z,1511.0800,1512.1801,1510.7200,1511.8800,0
2026-06-15T04:00:00Z,1511.9800,1512.7800,1511.4800,1512.2800,0
2026-06-15T04:30:00Z,1512.3000,1512.3800,1509.6500,1511.7800,0
2026-06-15T05:00:00Z,1511.9399,1511.9399,1509.0699,1509.5900,0
2026-06-15T05:30:00Z,1509.6801,1509.7800,1507.3300,1507.6801,0
2026-06-15T06:00:00Z,1507.5800,1512.6100,1507.3800,1510.8800,0
2026-06-15T06:30:00Z,1510.8800,1514.9800,1510.8800,1512.7300,0
2026-06-15T07:00:00Z,1512.2300,1513.9399,1511.9800,1512.8101,0
2026-06-15T07:30:00Z,1512.8101,1514.9800,1512.7900,1514.3101,0
2026-06-15T08:00:00Z,1514.3199,1515.0800,1511.6700,1512.4800,0
2026-06-15T08:30:00Z,1512.5800,1514.3800,1511.7100,1512.8800,0
2026-06-15T09:00:00Z,1512.7300,1514.6400,1512.0200,1513.6000,0
2026-06-15T09:30:00Z,1513.4301,1514.9800,1512.1600,1514.1899,0
2026-06-15T10:00:00Z,1514.2100,1515.3800,1513.2700,1514.5300,0
2026-06-15T10:30:00Z,1514.7500,1514.7600,1511.7800,1513.9000,0
2026-06-15T11:00:00Z,1513.6899,1515.6400,1511.7800,1515.3900,0
2026-06-15T11:30:00Z,1515.5601,1515.5601,1511.7800,1514.0699,0
2026-06-15T12:00:00Z,1514.2200,1514.9500,1511.7800,1513.0800,0
2026-06-15T12:30:00Z,1512.7700,1513.3800,1509.7100,1512.2600,0
2026-06-15T13:00:00Z,1512.1200,1512.1500,1509.8600,1511.2600,0
2026-06-15T13:30:00Z,1511.5601,1513.5100,1510.4800,1512.3800,0
2026-06-15T14:00:00Z,1512.9800,1513.1801,1510.4800,1512.7500,0
2026-06-15T14:30:00Z,1512.6400,1513.0000,1510.5800,1512.1000,0
2026-06-15T15:00:00Z,1512.2400,1513.3101,1511.8800,1512.6700,0
2026-06-15T15:30:00Z,1512.9200,1515.1600,1511.8800,1514.5699,0
2026-06-15T16:00:00Z,1514.3800,1515.0900,1514.1899,1514.9100,0
2026-06-15T16:30:00Z,1514.8900,1515.2400,1513.5699,1514.4200,0
2026-06-15T17:00:00Z,1514.0601,1514.5601,1513.3500,1513.9399,0
2026-06-15T17:30:00Z,1513.6899,1514.6000,1513.4900,1513.8700,0
2026-06-15T18:00:00Z,1514.5300,1514.6100,1513.3101,1514.4500,0
2026-06-15T18:30:00Z,1514.4700,1514.6300,1513.4399,1514.4000,0
2026-06-15T19:00:00Z,1514.4000,1514.6000,1513.0000,1514.4700,0
2026-06-15T19:30:00Z,1514.4700,1514.4700,1513.7800,1514.1400,0
2026-06-15T20:00:00Z,1514.4301,1514.5800,1513.4700,1513.7600,0
2026-06-15T20:30:00Z,1513.5601,1514.3700,1513.2600,1513.3199,0
2026-06-15T21:00:00Z,1513.3000,1517.0699,1513.3000,1516.8101,0
2026-06-15T21:30:00Z,1516.2600,1517.3101,1513.8400,1513.9700,0
2026-06-15T22:00:00Z,1513.9700,1517.4700,1513.4200,1514.0000,0
2026-06-16T00:00:00Z,1513.8000,1517.4800,1513.1801,1515.2800,0
2026-06-16T00:30:00Z,1515.2800,1515.6801,1513.1400,1514.2800,0
2026-06-16T01:00:00Z,1514.3800,1514.6801,1510.9800,1512.2800,0
2026-06-16T01:30:00Z,1512.1400,1514.0800,1511.7700,1513.7800,0
2026-06-16T02:00:00Z,1513.8101,1514.4200,1512.1600,1512.5100,0
2026-06-16T02:30:00Z,1512.3300,1512.7000,1511.0000,1512.4800,0
2026-06-16T03:00:00Z,1512.3101,1513.1801,1511.4100,1512.0800,0
2026-06-16T03:30:00Z,1512.0800,1513.6801,1511.5800,1513.3800,0
2026-06-16T04:00:00Z,1513.3800,1516.2300,1512.9800,1514.9800,0
2026-06-16T04:30:00Z,1514.9800,1515.3101,1512.0800,1512.4800,0
2026-06-16T05:00:00Z,1512.3101,1513.5900,1512.0800,1512.7800,0
2026-06-16T05:30:00Z,1512.9800,1513.8800,1512.1801,1513.1500,0
2026-06-16T06:00:00Z,1513.0800,1514.3800,1511.0800,1511.4800,0
2026-06-16T06:30:00Z,1511.3800,1512.0400,1507.1801,1508.3800,0
2026-06-16T07:00:00Z,1508.2800,1509.6700,1507.5699,1508.7800,0
2026-06-16T07:30:00Z,1508.7800,1509.5300,1508.2800,1508.8400,0
2026-06-16T08:00:00Z,1508.8300,1509.0699,1507.8700,1508.0800,0
2026-06-16T08:30:00Z,1507.8800,1508.1000,1505.6801,1507.2000,0
2026-06-16T09:00:00Z,1507.0900,1507.5800,1505.7500,1506.6100,0
2026-06-16T09:30:00Z,1506.5800,1507.2800,1505.9100,1506.1500,0
2026-06-16T10:00:00Z,1506.3101,1507.0900,1505.3800,1506.3101,0
2026-06-16T10:30:00Z,1506.3199,1506.7900,1505.2800,1505.9000,0
2026-06-16T11:00:00Z,1505.5000,1507.2100,1505.4301,1506.8101,0
2026-06-16T11:30:00Z,1506.7500,1508.4600,1506.7400,1508.2600,0
2026-06-16T12:00:00Z,1508.2900,1508.8900,1507.8101,1508.2200,0
2026-06-16T12:30:00Z,1508.2200,1508.7900,1505.3800,1507.9100,0
2026-06-16T13:00:00Z,1507.6500,1508.9900,1505.2800,1508.2500,0
2026-06-16T13:30:00Z,1508.2100,1509.9301,1505.2800,1508.9000,0
2026-06-16T14:00:00Z,1509.2800,1509.5601,1508.1400,1509.0000,0
2026-06-16T14:30:00Z,1509.0000,1509.7800,1505.4800,1508.6200,0
2026-06-16T15:00:00Z,1508.8700,1508.9100,1508.1500,1508.7900,0
2026-06-16T15:30:00Z,1508.7100,1509.6899,1507.4000,1508.0900,0
2026-06-16T16:00:00Z,1508.1000,1509.5500,1507.5800,1508.2000,0
2026-06-16T16:30:00Z,1508.0300,1509.2600,1507.4000,1507.9000,0
2026-06-16T17:00:00Z,1507.5601,1509.2300,1507.4700,1508.5100,0
2026-06-16T17:30:00Z,1508.4301,1509.1300,1508.0500,1508.0500,0
2026-06-16T18:00:00Z,1508.1899,1508.8700,1508.0400,1508.7100,0
2026-06-16T18:30:00Z,1508.7100,1509.1000,1508.0900,1508.6700,0
2026-06-16T19:00:00Z,1508.9000,1509.1700,1508.0000,1508.7500,0
2026-06-16T19:30:00Z,1508.7600,1509.3199,1508.0800,1509.0699,0
2026-06-16T20:00:00Z,1509.2100,1509.5699,1508.0601,1509.2500,0
2026-06-16T20:30:00Z,1509.1300,1509.4399,1508.0200,1508.9600,0
2026-06-16T21:00:00Z,1508.9600,1510.8000,1508.3199,1508.3199,0
2026-06-16T21:30:00Z,1508.3199,1508.4600,1508.3199,1508.4600,0
2026-06-16T22:00:00Z,1508.4600,1513.2100,1508.4600,1512.9100,0
2026-06-17T00:00:00Z,1512.9200,1513.6899,1508.7800,1511.8800,0
2026-06-17T00:30:00Z,1511.7800,1514.1700,1511.2800,1512.5800,0
2026-06-17T01:00:00Z,1512.4800,1513.1801,1511.6300,1512.6801,0
2026-06-17T01:30:00Z,1512.8800,1513.5800,1512.5601,1512.6100,0
2026-06-17T02:00:00Z,1512.8000,1514.8800,1512.5200,1514.8800,0
2026-06-17T02:30:00Z,1514.9000,1515.0800,1513.1801,1513.4200,0
2026-06-17T03:00:00Z,1513.5800,1513.8800,1512.7800,1513.4100,0
2026-06-17T03:30:00Z,1513.5800,1515.2800,1513.3000,1514.8800,0
2026-06-17T04:00:00Z,1514.8800,1515.2400,1513.9100,1514.2800,0
2026-06-17T04:30:00Z,1514.3500,1515.0800,1512.0900,1512.1100,0
2026-06-17T05:00:00Z,1512.1801,1514.2800,1512.1801,1512.9800,0
2026-06-17T05:30:00Z,1512.9800,1513.1000,1510.9800,1511.8900,0
2026-06-17T06:00:00Z,1511.9000,1513.6000,1508.9800,1512.7800,0
2026-06-17T06:30:00Z,1512.6801,1513.3800,1511.2800,1512.1100,0
2026-06-17T07:00:00Z,1512.4000,1512.4600,1511.1801,1512.2700,0
2026-06-17T07:30:00Z,1512.0400,1512.8199,1511.1300,1511.8101,0
2026-06-17T08:00:00Z,1511.9700,1514.8800,1511.7000,1514.0800,0
2026-06-17T08:30:00Z,1514.0200,1514.4800,1512.9800,1513.9800,0
2026-06-17T09:00:00Z,1513.7200,1513.9800,1512.0800,1513.6801,0
2026-06-17T09:30:00Z,1513.6600,1515.3800,1513.0900,1514.8900,0
2026-06-17T10:00:00Z,1514.8000,1516.2800,1514.2800,1515.5800,0
2026-06-17T10:30:00Z,1515.5800,1516.6801,1514.6801,1516.2600,0
2026-06-17T11:00:00Z,1516.3199,1517.1801,1515.3500,1516.4000,0
2026-06-17T11:30:00Z,1516.2200,1517.6801,1515.8800,1517.3800,0
2026-06-17T12:00:00Z,1517.0300,1517.3500,1515.0800,1516.0800,0
2026-06-17T12:30:00Z,1515.9800,1516.3101,1514.3800,1515.9301,0
2026-06-17T13:00:00Z,1515.9200,1516.6801,1515.0800,1516.0100,0
2026-06-17T13:30:00Z,1516.3800,1517.0100,1514.5800,1515.7800,0
2026-06-17T14:00:00Z,1515.7800,1516.6801,1514.9800,1515.9800,0
2026-06-17T14:30:00Z,1515.8900,1517.8800,1514.2800,1515.3900,0
2026-06-17T15:00:00Z,1515.4301,1516.2800,1514.0800,1514.2100,0
2026-06-17T15:30:00Z,1514.3300,1514.5400,1512.7800,1514.1000,0
2026-06-17T16:00:00Z,1514.2200,1516.1600,1513.0800,1514.6300,0
2026-06-17T16:30:00Z,1514.6899,1516.7400,1513.6801,1514.6200,0
2026-06-17T17:00:00Z,1514.6200,1515.4399,1514.2900,1514.9800,0
2026-06-17T17:30:00Z,1515.3199,1516.0400,1514.7300,1515.0000,0
2026-06-17T18:00:00Z,1515.6400,1519.8199,1515.6400,1519.7900,0
2026-06-17T18:30:00Z,1519.8800,1524.9500,1519.8800,1524.9000,0
2026-06-17T19:00:00Z,1524.6500,1526.3101,1524.2500,1526.2600,0
2026-06-17T19:30:00Z,1526.2700,1529.5200,1526.2700,1529.4600,0
2026-06-17T20:00:00Z,1529.4600,1529.9100,1527.8199,1528.3500,0
2026-06-17T20:30:00Z,1528.2300,1528.3000,1526.2100,1527.5400,0
2026-06-17T21:00:00Z,1527.1200,1528.1000,1525.7700,1527.4800,0
2026-06-17T21:30:00Z,1527.5000,1527.5000,1525.6400,1525.6400,0
2026-06-17T22:00:00Z,1523.8500,1528.4200,1523.6500,1527.4100,0
2026-06-17T23:30:00Z,1527.4100,1527.4100,1527.4100,1527.4100,0
2026-06-18T00:00:00Z,1527.1000,1527.1000,1522.7800,1523.2800,0
2026-06-18T00:30:00Z,1523.5100,1525.2400,1523.1801,1524.9100,0
2026-06-18T01:00:00Z,1524.4700,1524.9500,1523.3800,1523.8800,0
2026-06-18T01:30:00Z,1523.9100,1524.8600,1523.3800,1524.6801,0
2026-06-18T02:00:00Z,1524.5800,1525.0100,1522.6801,1523.4800,0
2026-06-18T02:30:00Z,1523.3800,1523.7800,1520.3800,1520.8800,0
2026-06-18T03:00:00Z,1520.9800,1522.9399,1520.8800,1522.3700,0
2026-06-18T03:30:00Z,1522.3700,1522.6801,1519.9800,1520.0100,0
2026-06-18T04:00:00Z,1520.1801,1520.8800,1518.9800,1520.1801,0
2026-06-18T04:30:00Z,1520.1801,1521.4000,1519.5800,1520.8800,0
2026-06-18T05:00:00Z,1520.8800,1521.4900,1519.9800,1520.9500,0
2026-06-18T05:30:00Z,1520.7700,1523.7100,1520.2800,1523.1899,0
2026-06-18T06:00:00Z,1523.2000,1527.6801,1522.3800,1527.1801,0
2026-06-18T06:30:00Z,1527.0800,1528.2400,1525.0800,1528.2400,0
2026-06-18T07:00:00Z,1526.7800,1530.6899,1526.7800,1529.7000,0
2026-06-18T07:30:00Z,1529.7200,1530.4200,1527.8800,1529.8600,0
2026-06-18T08:00:00Z,1529.8800,1531.2800,1528.9800,1530.9800,0
2026-06-18T08:30:00Z,1530.6200,1537.7800,1529.0800,1536.4800,0
2026-06-18T09:00:00Z,1536.7200,1536.7200,1534.6801,1535.9301,0
2026-06-18T09:30:00Z,1535.3900,1538.0800,1535.2900,1535.7500,0
2026-06-18T10:00:00Z,1535.7500,1537.6899,1535.4800,1537.2800,0
2026-06-18T10:30:00Z,1537.3101,1539.7700,1535.6801,1539.6400,0
2026-06-18T11:00:00Z,1539.7800,1540.0500,1537.1801,1537.2800,0
2026-06-18T11:30:00Z,1538.9800,1540.2800,1537.1801,1538.8600,0
2026-06-18T12:00:00Z,1538.8600,1539.4600,1535.2800,1537.1400,0
2026-06-18T12:30:00Z,1535.2800,1538.7600,1535.2800,1537.3700,0
2026-06-18T13:00:00Z,1537.2600,1538.3600,1536.8600,1536.9800,0
2026-06-18T13:30:00Z,1537.0300,1537.3000,1534.2800,1534.2800,0
2026-06-18T14:00:00Z,1536.0200,1536.7100,1534.2800,1535.1000,0
2026-06-18T14:30:00Z,1535.3400,1535.5400,1533.5900,1533.8500,0
2026-06-18T15:00:00Z,1533.8700,1535.8101,1533.6600,1535.1801,0
2026-06-18T18:00:00Z,1541.2600,1541.5000,1539.7600,1539.7600,0
2026-06-18T18:30:00Z,1539.9100,1542.3199,1539.5100,1539.7600,0
2026-06-18T19:00:00Z,1540.1400,1543.0800,1540.1400,1542.3700,0
2026-06-18T19:30:00Z,1542.3500,1542.5500,1539.2600,1539.6200,0
2026-06-18T20:00:00Z,1539.8101,1539.8101,1538.3600,1539.1100,0
2026-06-18T20:30:00Z,1539.0200,1539.3199,1537.6899,1537.9900,0
2026-06-18T21:00:00Z,1537.9900,1538.9800,1535.0500,1535.2400,0
2026-06-18T21:30:00Z,1535.3800,1539.8500,1534.8199,1538.8600,0
2026-06-18T22:00:00Z,1538.8400,1538.9000,1534.1600,1536.4200,0
2026-06-19T00:00:00Z,1537.8101,1537.8101,1533.9800,1535.7800,0
2026-06-19T00:30:00Z,1535.8800,1539.2200,1535.6801,1539.0900,0
2026-06-19T01:00:00Z,1539.2600,1539.7400,1536.8800,1537.6801,0
2026-06-19T01:30:00Z,1537.6801,1539.3800,1537.2800,1539.2700,0
2026-06-19T02:00:00Z,1538.6801,1539.5699,1536.5800,1538.2500,0
2026-06-19T02:30:00Z,1537.9000,1538.7300,1536.8800,1537.9800,0
2026-06-19T03:00:00Z,1538.1801,1539.6100,1537.6801,1539.0800,0
2026-06-19T03:30:00Z,1538.9800,1539.9399,1537.0800,1537.7600,0
2026-06-19T04:00:00Z,1538.5601,1539.2800,1537.4800,1539.0300,0
2026-06-19T04:30:00Z,1539.1100,1539.2800,1537.6801,1538.7800,0
2026-06-19T05:00:00Z,1539.0601,1539.2400,1537.4800,1537.4800,0
2026-06-19T05:30:00Z,1537.5800,1538.6899,1535.9800,1536.7800,0
2026-06-19T06:00:00Z,1536.7800,1537.1899,1524.2800,1526.1801,0
2026-06-19T06:30:00Z,1527.1801,1530.9500,1525.1801,1525.4800,0
2026-06-19T07:00:00Z,1525.8800,1528.2700,1524.1300,1527.1300,0
2026-06-19T07:30:00Z,1527.1300,1530.9800,1526.6801,1530.9800,0
2026-06-19T08:00:00Z,1530.2800,1531.4399,1526.6801,1528.5000,0
2026-06-19T08:30:00Z,1528.1000,1532.4000,1526.7800,1529.2700,0
2026-06-19T09:00:00Z,1531.5699,1532.7000,1526.8400,1529.7400,0
2026-06-19T09:30:00Z,1528.3700,1532.7400,1526.6801,1529.1000,0
2026-06-19T10:00:00Z,1529.0601,1530.8300,1527.4200,1529.9200,0
2026-06-19T10:30:00Z,1529.9301,1531.9900,1527.8900,1529.9900,0
2026-06-19T11:00:00Z,1529.8199,1532.1801,1527.6899,1530.0100,0
2026-06-19T11:30:00Z,1530.0200,1534.3300,1527.7300,1530.2200,0
2026-06-19T12:00:00Z,1530.2200,1534.4100,1528.3700,1529.8800,0
2026-06-19T12:30:00Z,1529.8800,1533.7900,1526.6801,1527.3600,0
2026-06-19T13:00:00Z,1527.3000,1532.4700,1527.1100,1528.2500,0
2026-06-19T13:30:00Z,1528.2600,1533.5200,1527.6600,1529.2900,0
2026-06-19T14:00:00Z,1529.7800,1533.9800,1527.8500,1530.6600,0
2026-06-19T14:30:00Z,1532.8101,1534.7700,1529.8900,1530.6100,0
2026-06-19T15:00:00Z,1532.4600,1534.5699,1529.0900,1530.6000,0
2026-06-19T15:30:00Z,1530.6500,1533.6801,1530.2200,1530.6600,0
2026-06-19T16:00:00Z,1530.6600,1534.3300,1529.1100,1530.8500,0
2026-06-19T16:30:00Z,1532.9301,1533.5800,1530.0400,1532.6300,0
2026-06-19T17:00:00Z,1532.0400,1534.1000,1530.3199,1531.3900,0
2026-06-19T17:30:00Z,1531.0400,1533.7700,1529.8600,1533.0500,0
2026-06-19T18:00:00Z,1530.4700,1533.8500,1529.8700,1531.0601,0
2026-06-19T18:30:00Z,1530.7800,1533.7800,1529.8700,1533.1899,0
2026-06-19T19:00:00Z,1533.1899,1534.0400,1530.0100,1532.6600,0
2026-06-19T19:30:00Z,1531.4000,1534.0400,1529.9900,1533.1801,0
2026-06-19T20:00:00Z,1533.2400,1533.2400,1529.5900,1532.4399,0
2026-06-19T20:30:00Z,1530.4000,1533.3800,1526.4000,1527.7100,0
2026-06-19T21:00:00Z,1527.7100,1529.8900,1527.7100,1529.8900,0
2026-06-19T22:30:00Z,1529.8900,1529.8900,1529.8900,1529.8900,0
2026-06-22T00:00:00Z,1529.8300,1532.1400,1529.2800,1530.2700,0
2026-06-22T00:30:00Z,1529.6801,1533.1000,1529.5800,1533.1000,0
2026-06-22T01:00:00Z,1532.5800,1534.8199,1531.4800,1533.9800,0
2026-06-22T01:30:00Z,1534.0800,1537.3101,1534.0800,1536.9800,0
2026-06-22T02:00:00Z,1537.0800,1538.5200,1536.4800,1538.3400,0
2026-06-22T02:30:00Z,1538.3900,1539.6300,1537.6700,1539.4800,0
2026-06-22T03:00:00Z,1539.3800,1539.4800,1537.4800,1538.1801,0
2026-06-22T03:30:00Z,1538.2800,1539.0500,1537.3800,1538.5800,0
2026-06-22T04:00:00Z,1538.4800,1539.0000,1536.5800,1538.6300,0
2026-06-22T04:30:00Z,1538.7800,1538.7800,1537.2800,1537.6801,0
2026-06-22T05:00:00Z,1537.7800,1538.0500,1535.6801,1536.6899,0
2026-06-22T05:30:00Z,1536.5800,1537.4100,1535.3800,1537.1300,0
2026-06-22T06:00:00Z,1536.9800,1537.4600,1534.2800,1536.7800,0
2026-06-22T06:30:00Z,1536.8800,1541.0699,1536.7200,1537.8800,0
2026-06-22T07:00:00Z,1537.8800,1541.1801,1537.5800,1540.6700,0
2026-06-22T07:30:00Z,1540.6801,1541.3800,1539.5800,1539.7200,0
2026-06-22T08:00:00Z,1539.9100,1540.0200,1538.2900,1538.7700,0
2026-06-22T08:30:00Z,1539.3400,1540.1200,1537.1500,1539.4301,0
2026-06-22T09:00:00Z,1539.0400,1539.5800,1536.1000,1537.5900,0
2026-06-22T09:30:00Z,1537.5900,1537.8800,1536.3800,1537.4100,0
2026-06-22T10:00:00Z,1537.4800,1538.0400,1536.3800,1537.2800,0
2026-06-22T10:30:00Z,1537.2800,1538.6801,1536.3800,1536.4800,0
2026-06-22T11:00:00Z,1537.3800,1537.7100,1535.2800,1537.4700,0
2026-06-22T11:30:00Z,1537.3800,1538.0900,1535.6801,1537.6899,0
2026-06-22T12:00:00Z,1537.7000,1538.3800,1535.5800,1537.2500,0
2026-06-22T12:30:00Z,1537.1801,1537.4900,1535.5800,1537.1801,0
2026-06-22T13:00:00Z,1537.0800,1537.8800,1535.5800,1537.6100,0
2026-06-22T13:30:00Z,1537.6100,1537.9800,1535.5800,1537.2200,0
2026-06-22T14:00:00Z,1537.4800,1538.0200,1535.3800,1536.7800,0
2026-06-22T14:30:00Z,1536.5800,1537.7400,1535.3800,1536.3900,0
2026-06-22T15:00:00Z,1536.4200,1538.0300,1535.3800,1538.0300,0
2026-06-22T15:30:00Z,1535.4800,1538.4800,1535.3800,1537.9000,0
2026-06-22T16:00:00Z,1537.9000,1538.6700,1535.3800,1537.4100,0
2026-06-22T16:30:00Z,1537.5699,1537.5900,1536.1899,1536.7200,0
2026-06-22T17:00:00Z,1536.7200,1536.9900,1536.0000,1536.2700,0
2026-06-22T17:30:00Z,1536.6300,1536.9000,1536.2600,1536.7700,0
2026-06-22T18:00:00Z,1536.7700,1537.3400,1536.5400,1537.2800,0
2026-06-22T18:30:00Z,1536.8900,1537.3199,1536.5699,1536.9301,0
2026-06-22T19:00:00Z,1536.6300,1537.5100,1536.6300,1537.3900,0
2026-06-22T19:30:00Z,1536.7700,1538.2700,1536.7500,1536.9700,0
2026-06-22T20:00:00Z,1536.9700,1537.9100,1536.7700,1537.1300,0
2026-06-22T20:30:00Z,1537.4900,1538.1600,1536.7400,1537.9500,0
2026-06-22T21:00:00Z,1538.4399,1538.4399,1533.8400,1534.1300,0
2026-06-22T21:30:00Z,1534.0800,1536.9700,1533.0601,1533.3700,0
2026-06-22T22:00:00Z,1533.3600,1536.7700,1533.0100,1536.1000,0
2026-06-22T23:30:00Z,1536.1000,1536.1000,1536.1000,1536.1000,0
2026-06-23T00:00:00Z,1538.9800,1541.7800,1537.6801,1538.8800,0
2026-06-23T00:30:00Z,1538.9800,1540.1801,1537.8800,1538.3800,0
2026-06-23T01:00:00Z,1538.2800,1538.7800,1535.8800,1537.1100,0
2026-06-23T01:30:00Z,1537.1300,1538.2800,1534.6801,1535.0800,0
2026-06-23T02:00:00Z,1535.1801,1536.0699,1533.2800,1536.0699,0
2026-06-23T02:30:00Z,1535.6801,1538.4800,1535.0800,1538.4800,0
2026-06-23T03:00:00Z,1538.3800,1538.3800,1535.7800,1536.2800,0
2026-06-23T03:30:00Z,1536.2800,1536.8900,1533.9800,1534.3800,0
2026-06-23T04:00:00Z,1534.4800,1535.5800,1533.1801,1533.4800,0
2026-06-23T04:30:00Z,1533.4800,1536.4800,1533.4800,1536.4800,0
2026-06-23T05:00:00Z,1536.2800,1536.2800,1532.5800,1533.5800,0
2026-06-23T05:30:00Z,1533.7800,1535.2800,1533.2800,1535.1801,0
2026-06-23T06:00:00Z,1535.0800,1541.7800,1535.0000,1539.6801,0
2026-06-23T06:30:00Z,1539.4800,1540.8700,1538.7800,1539.1801,0
2026-06-23T07:00:00Z,1539.1801,1539.6100,1536.0800,1536.7300,0
2026-06-23T07:30:00Z,1536.7700,1540.0100,1536.1801,1539.4800,0
2026-06-23T08:00:00Z,1539.5100,1539.5100,1536.7800,1538.2800,0
2026-06-23T08:30:00Z,1538.2800,1539.1600,1536.4800,1536.9800,0
2026-06-23T09:00:00Z,1538.3800,1538.8800,1536.7700,1537.3000,0
2026-06-23T09:30:00Z,1537.3600,1537.3600,1533.5800,1534.3300,0
2026-06-23T10:00:00Z,1534.3400,1535.0800,1533.5800,1534.9800,0
2026-06-23T10:30:00Z,1535.0800,1537.2500,1533.6801,1536.5800,0
2026-06-23T11:00:00Z,1536.5800,1536.8199,1533.5800,1536.4100,0
2026-06-23T11:30:00Z,1536.4100,1536.9200,1533.5800,1536.4900,0
2026-06-23T12:00:00Z,1536.5300,1536.7800,1533.5800,1536.0500,0
2026-06-23T12:30:00Z,1536.6000,1536.6000,1533.5800,1535.7700,0
2026-06-23T13:00:00Z,1535.8101,1536.4800,1533.5800,1535.4800,0
2026-06-23T13:30:00Z,1535.5800,1535.7000,1532.8400,1535.2800,0
2026-06-23T14:00:00Z,1535.2800,1536.9700,1534.8800,1535.6700,0
2026-06-23T14:30:00Z,1535.8400,1536.1700,1530.7800,1533.0300,0
2026-06-23T15:00:00Z,1533.1300,1534.3101,1530.7800,1533.3900,0
2026-06-23T15:30:00Z,1532.8800,1533.1801,1532.1000,1532.5800,0
2026-06-23T16:00:00Z,1532.2200,1533.2300,1532.0800,1533.0000,0
2026-06-23T16:30:00Z,1533.0601,1533.7600,1532.6700,1533.1400,0
2026-06-23T17:00:00Z,1533.1899,1533.3500,1532.8700,1533.2500,0
2026-06-23T17:30:00Z,1533.3101,1533.9500,1533.0900,1533.5900,0
2026-06-23T18:00:00Z,1533.2500,1533.9100,1533.1000,1533.7400,0
2026-06-23T18:30:00Z,1533.7300,1533.8700,1533.0900,1533.1500,0
2026-06-23T19:00:00Z,1533.1500,1533.6899,1531.1600,1531.5500,0
2026-06-23T19:30:00Z,1531.4000,1532.9399,1530.7600,1532.5400,0
2026-06-23T20:00:00Z,1532.5400,1533.1500,1532.4200,1532.9600,0
2026-06-23T20:30:00Z,1532.9600,1533.0200,1532.2700,1532.6400,0
2026-06-23T21:00:00Z,1532.4900,1532.5500,1529.9600,1531.0200,0
2026-06-23T21:30:00Z,1530.9700,1531.9200,1530.7700,1531.5200,0
2026-06-23T22:00:00Z,1531.4800,1534.0100,1530.3700,1530.5699,0
2026-06-23T23:30:00Z,1530.5699,1530.5699,1530.5699,1530.5699,0
2026-06-24T00:00:00Z,1530.4900,1535.6200,1530.4900,1535.0800,0
2026-06-24T00:30:00Z,1534.9800,1537.3800,1534.8800,1536.8800,0
2026-06-24T01:00:00Z,1536.7800,1536.9500,1534.8800,1535.5800,0
2026-06-24T01:30:00Z,1535.6000,1535.9800,1533.4800,1535.5800,0
2026-06-24T02:00:00Z,1535.5800,1537.0800,1534.9800,1535.1801,0
2026-06-24T02:30:00Z,1535.0500,1537.6200,1534.8800,1537.4800,0
2026-06-24T03:00:00Z,1537.5800,1537.8800,1535.9800,1537.2800,0
2026-06-24T03:30:00Z,1537.0800,1537.7800,1534.5000,1537.6300,0
2026-06-24T04:00:00Z,1537.5400,1539.7800,1537.3800,1539.4301,0
2026-06-24T04:30:00Z,1539.4500,1541.7800,1538.9800,1541.7000,0
2026-06-24T05:00:00Z,1541.6801,1542.2800,1540.8800,1541.6700,0
2026-06-24T05:30:00Z,1541.5500,1542.5800,1539.3800,1539.5400,0
2026-06-24T06:00:00Z,1539.4800,1542.4800,1537.9800,1541.5800,0
2026-06-24T06:30:00Z,1541.5800,1546.6801,1541.5800,1545.0800,0
2026-06-24T07:00:00Z,1545.0800,1546.4600,1543.7800,1543.9800,0
2026-06-24T07:30:00Z,1544.3800,1544.8600,1542.8800,1543.4800,0
2026-06-24T08:00:00Z,1543.3800,1546.2800,1543.2800,1544.9301,0
2026-06-24T08:30:00Z,1545.0800,1545.7200,1544.1500,1545.7200,0
2026-06-24T09:00:00Z,1545.7300,1548.4200,1544.1801,1547.9800,0
2026-06-24T09:30:00Z,1548.0800,1548.5601,1545.3800,1546.5400,0
2026-06-24T10:00:00Z,1546.5500,1547.7100,1544.2800,1547.2000,0
2026-06-24T10:30:00Z,1547.2300,1547.8700,1544.2800,1547.3101,0
2026-06-24T11:00:00Z,1547.2900,1548.2300,1546.7800,1547.0800,0
2026-06-24T11:30:00Z,1547.0900,1547.4399,1544.3800,1546.5100,0
2026-06-24T12:00:00Z,1546.5800,1546.7500,1544.2800,1546.1500,0
2026-06-24T12:30:00Z,1545.9800,1547.4200,1544.2800,1546.7300,0
2026-06-24T13:00:00Z,1546.7200,1547.2300,1544.2800,1546.0800,0
2026-06-24T13:30:00Z,1546.0800,1546.2700,1543.2800,1544.7200,0
2026-06-24T14:00:00Z,1544.3800,1544.7700,1542.3800,1542.9301,0
2026-06-24T14:30:00Z,1542.8800,1543.6801,1542.2200,1542.6801,0
2026-06-24T15:00:00Z,1542.7000,1543.1801,1541.5900,1541.7200,0
2026-06-24T15:30:00Z,1541.7400,1544.0800,1540.9800,1541.9600,0
2026-06-24T16:00:00Z,1541.8300,1544.1801,1540.2400,1540.2500,0
2026-06-24T16:30:00Z,1540.0800,1542.3400,1539.9900,1542.0699,0
2026-06-24T17:00:00Z,1542.0800,1543.8199,1541.9100,1543.4500,0
2026-06-24T17:30:00Z,1543.4500,1544.7300,1542.0300,1544.6100,0
2026-06-24T18:00:00Z,1544.5699,1544.8199,1542.3000,1542.3800,0
2026-06-24T18:30:00Z,1542.3800,1544.3700,1542.1200,1542.4600,0
2026-06-24T19:00:00Z,1542.3600,1544.2300,1542.2300,1543.1200,0
2026-06-24T19:30:00Z,1543.1200,1543.8400,1542.2900,1542.3101,0
2026-06-24T20:00:00Z,1542.5601,1543.1500,1542.0100,1542.2400,0
2026-06-24T20:30:00Z,1542.1600,1542.4900,1541.7500,1542.0500,0
2026-06-24T21:00:00Z,1542.2000,1542.4600,1542.0100,1542.2600,0
2026-06-24T21:30:00Z,1542.2500,1542.9200,1535.9100,1535.9301,0
2026-06-24T22:00:00Z,1535.9200,1539.6300,1535.9200,1539.6300,0
2026-06-24T23:00:00Z,1539.6300,1539.6300,1539.6300,1539.6300,0
2026-06-25T00:00:00Z,1543.3500,1548.0800,1542.3600,1547.5800,0
2026-06-25T00:30:00Z,1547.6801,1548.6801,1546.9800,1548.0800,0
2026-06-25T01:00:00Z,1548.0800,1548.2800,1545.2800,1546.9800,0
2026-06-25T01:30:00Z,1546.8300,1548.7100,1546.3800,1548.5400,0
2026-06-25T02:00:00Z,1548.5300,1549.0400,1546.1801,1547.1400,0
2026-06-25T02:30:00Z,1546.9800,1547.6200,1545.9800,1546.5800,0
2026-06-25T03:00:00Z,1546.6801,1546.6801,1543.7800,1544.9800,0
2026-06-25T03:30:00Z,1544.9800,1545.9800,1543.9800,1544.5800,0
2026-06-25T04:00:00Z,1545.8800,1547.6801,1544.4800,1545.9600,0
2026-06-25T04:30:00Z,1545.8800,1546.7400,1544.6801,1544.9800,0
2026-06-25T05:00:00Z,1545.0800,1545.6400,1542.0800,1542.3900,0
2026-06-25T05:30:00Z,1542.4000,1542.9600,1539.3800,1541.6801,0
2026-06-25T06:00:00Z,1541.6801,1544.6700,1541.2800,1542.3800,0
2026-06-25T06:30:00Z,1542.3800,1544.4800,1540.1801,1540.6801,0
2026-06-25T07:00:00Z,1540.6801,1544.1899,1539.7800,1542.4800,0
2026-06-25T07:30:00Z,1542.5200,1543.1700,1539.2800,1539.6100,0
2026-06-25T08:00:00Z,1539.2800,1540.2600,1538.2800,1539.7500,0
2026-06-25T08:30:00Z,1539.7900,1542.2100,1537.4800,1540.0300,0
2026-06-25T09:00:00Z,1540.0800,1541.4000,1537.4800,1540.8199,0
2026-06-25T09:30:00Z,1540.6400,1542.1801,1540.3800,1541.6600,0
2026-06-25T10:00:00Z,1541.6801,1542.1100,1541.0800,1541.3800,0
2026-06-25T10:30:00Z,1541.5200,1542.9900,1541.2800,1542.6500,0
2026-06-25T11:00:00Z,1542.6600,1543.6600,1541.9800,1543.3600,0
2026-06-25T11:30:00Z,1543.3700,1544.0800,1541.8800,1543.8000,0
2026-06-25T12:00:00Z,1543.8900,1543.9200,1542.4700,1543.8199,0
2026-06-25T12:30:00Z,1543.8400,1543.8400,1538.1801,1542.2700,0
2026-06-25T13:00:00Z,1542.0800,1542.9800,1538.1801,1539.7500,0
2026-06-25T13:30:00Z,1539.8000,1541.6801,1537.4800,1541.3700,0
2026-06-25T14:00:00Z,1541.1700,1541.4800,1536.5500,1539.0800,0
2026-06-25T14:30:00Z,1539.2900,1539.9900,1537.4700,1539.4500,0
2026-06-25T15:00:00Z,1539.4800,1541.8900,1537.7800,1540.5400,0
2026-06-25T15:30:00Z,1540.5900,1542.0000,1539.9900,1541.4000,0
2026-06-25T16:00:00Z,1541.4200,1541.9000,1540.8700,1541.2700,0
2026-06-25T16:30:00Z,1541.3101,1542.9100,1539.6600,1542.5500,0
2026-06-25T17:00:00Z,1542.3900,1542.7900,1541.9700,1542.4100,0
2026-06-25T17:30:00Z,1542.3600,1542.8700,1542.3000,1542.5900,0
2026-06-25T18:00:00Z,1542.7200,1544.9301,1542.5900,1543.1700,0
2026-06-25T18:30:00Z,1543.3700,1544.3500,1542.7200,1543.8900,0
2026-06-25T19:00:00Z,1543.8600,1544.6500,1542.3199,1544.0000,0
2026-06-25T19:30:00Z,1544.0601,1544.9399,1542.6400,1544.6000,0
2026-06-25T20:00:00Z,1544.5800,1544.8900,1542.7700,1543.9100,0
2026-06-25T20:30:00Z,1543.9200,1545.0100,1543.9200,1544.5300,0
2026-06-25T21:00:00Z,1544.6899,1545.3400,1544.2100,1544.7000,0
2026-06-25T21:30:00Z,1544.7300,1545.1100,1543.9500,1544.6400,0
2026-06-25T22:00:00Z,1544.3199,1545.7900,1542.9100,1544.1600,0
2026-06-26T00:00:00Z,1544.3000,1549.3101,1544.2800,1547.8300,0
2026-06-26T00:30:00Z,1547.4800,1548.8199,1546.8800,1547.9000,0
2026-06-26T01:00:00Z,1547.8800,1549.2500,1547.7800,1549.1801,0
2026-06-26T01:30:00Z,1549.2800,1549.6700,1546.8800,1547.9800,0
2026-06-26T02:00:00Z,1548.2700,1549.6500,1547.2800,1548.1600,0
2026-06-26T02:30:00Z,1548.2200,1549.6000,1546.8800,1546.9800,0
2026-06-26T03:00:00Z,1546.8800,1549.3199,1546.5800,1548.8800,0
2026-06-26T03:30:00Z,1548.8800,1549.7700,1547.6801,1548.7900,0
2026-06-26T04:00:00Z,1548.4800,1548.8700,1544.6801,1545.9800,0
2026-06-26T04:30:00Z,1545.8400,1546.9200,1543.6801,1545.1801,0
2026-06-26T05:00:00Z,1545.1801,1546.2700,1542.8800,1543.2800,0
2026-06-26T05:30:00Z,1543.3800,1544.3400,1541.7800,1543.1500,0
2026-06-26T06:00:00Z,1542.5800,1545.4000,1530.7800,1531.9800,0
2026-06-26T06:30:00Z,1532.3800,1538.5900,1530.9800,1538.0400,0
2026-06-26T07:00:00Z,1537.1801,1540.9100,1536.8800,1540.3500,0
2026-06-26T07:30:00Z,1540.4399,1540.4700,1538.0400,1539.0500,0
2026-06-26T08:00:00Z,1539.0601,1539.0601,1536.8500,1537.6200,0
2026-06-26T08:30:00Z,1538.1100,1539.4800,1536.7800,1538.4800,0
2026-06-26T09:00:00Z,1537.7500,1539.2500,1536.6400,1536.9301,0
2026-06-26T09:30:00Z,1536.9301,1537.5500,1535.2300,1537.2700,0
2026-06-26T10:00:00Z,1537.2000,1538.0100,1535.8400,1537.2000,0
2026-06-26T10:30:00Z,1537.2200,1538.0500,1536.5000,1537.5500,0
2026-06-26T11:00:00Z,1537.8300,1538.0699,1537.0900,1537.5100,0
2026-06-26T11:30:00Z,1537.3400,1539.1899,1536.9399,1538.1000,0
2026-06-26T12:00:00Z,1538.2200,1538.3000,1534.0800,1537.0000,0
2026-06-26T12:30:00Z,1536.7600,1537.5300,1535.2000,1535.4900,0
2026-06-26T13:00:00Z,1535.5400,1537.7800,1535.3500,1536.2400,0
2026-06-26T13:30:00Z,1536.2700,1536.7800,1534.1600,1534.9100,0
2026-06-26T14:00:00Z,1534.8900,1534.8900,1532.5900,1533.0200,0
2026-06-26T14:30:00Z,1533.0200,1536.0699,1532.0800,1535.6600,0
2026-06-26T15:00:00Z,1535.7000,1535.7400,1532.9500,1533.5699,0
2026-06-26T15:30:00Z,1533.3199,1537.0601,1532.7100,1533.2200,0
2026-06-26T16:00:00Z,1535.1600,1536.1200,1532.8400,1534.5500,0
2026-06-26T16:30:00Z,1534.3600,1535.5100,1534.1000,1534.8101,0
2026-06-26T17:00:00Z,1534.5300,1535.3300,1534.4399,1535.0900,0
2026-06-26T17:30:00Z,1535.0200,1535.5500,1534.8700,1534.9100,0
2026-06-26T18:00:00Z,1535.1700,1535.6801,1534.8700,1535.2000,0
2026-06-26T18:30:00Z,1534.9399,1535.8000,1534.8600,1535.7800,0
2026-06-26T19:00:00Z,1535.1700,1536.0500,1534.8900,1535.6500,0
2026-06-26T19:30:00Z,1535.3199,1535.8500,1534.6000,1534.7200,0
2026-06-26T20:00:00Z,1534.7200,1534.9301,1533.5699,1534.7800,0
2026-06-26T20:30:00Z,1534.3101,1535.6700,1533.9900,1535.0000,0
2026-06-26T21:00:00Z,1535.0000,1535.0000,1535.0000,1535.0000,0
2026-06-28T23:30:00Z,1535.1100,1535.1100,1535.1100,1535.1100,0
2026-06-29T00:00:00Z,1535.2500,1537.1801,1535.1100,1535.8800,0
2026-06-29T00:30:00Z,1538.9500,1539.7000,1538.8800,1539.3900,0
2026-06-29T01:00:00Z,1539.7100,1539.8800,1537.0800,1539.0800,0
2026-06-29T01:30:00Z,1538.9800,1542.2400,1538.9800,1542.1801,0
2026-06-29T02:00:00Z,1541.7800,1542.7800,1541.5800,1541.9800,0
2026-06-29T02:30:00Z,1542.0699,1544.5500,1541.5800,1544.3800,0
2026-06-29T03:00:00Z,1544.2800,1544.5100,1543.1801,1544.1100,0
2026-06-29T03:30:00Z,1544.0800,1545.0800,1543.7800,1544.9800,0
2026-06-29T04:00:00Z,1545.0800,1545.6100,1544.1801,1544.7200,0
2026-06-29T04:30:00Z,1544.5000,1544.7800,1543.1801,1544.7800,0
2026-06-29T05:00:00Z,1544.7800,1545.0100,1543.7800,1544.1801,0
2026-06-29T05:30:00Z,1544.2800,1544.6801,1536.8800,1537.6801,0
2026-06-29T06:00:00Z,1537.6801,1544.9800,1537.0800,1544.5800,0
2026-06-29T06:30:00Z,1545.0800,1545.6600,1540.2800,1541.9800,0
2026-06-29T07:00:00Z,1542.4200,1543.2200,1540.2800,1541.8199,0
2026-06-29T07:30:00Z,1541.8199,1544.2300,1541.2800,1543.8800,0
2026-06-29T08:00:00Z,1543.8900,1544.0000,1541.8800,1542.7800,0
2026-06-29T08:30:00Z,1542.8800,1543.6000,1540.9800,1542.6700,0
2026-06-29T09:00:00Z,1542.6899,1542.7600,1540.2100,1541.0300,0
2026-06-29T09:30:00Z,1541.0200,1543.9900,1540.6801,1542.8800,0
2026-06-29T10:00:00Z,1542.9800,1543.5900,1540.6801,1542.5699,0
2026-06-29T10:30:00Z,1542.5699,1543.3199,1540.6801,1542.7600,0
2026-06-29T11:00:00Z,1542.7600,1543.1300,1540.6801,1542.8199,0
2026-06-29T11:30:00Z,1542.8300,1543.7100,1540.6801,1542.9399,0
2026-06-29T12:00:00Z,1542.9500,1543.7800,1541.5800,1543.1801,0
2026-06-29T12:30:00Z,1542.7800,1543.7500,1541.5800,1543.1200,0
2026-06-29T13:00:00Z,1543.1200,1543.3800,1541.6801,1542.9900,0
2026-06-29T13:30:00Z,1542.9500,1544.3300,1541.5800,1543.4800,0
2026-06-29T14:00:00Z,1543.8000,1544.9800,1541.5800,1542.9500,0
2026-06-29T14:30:00Z,1543.2200,1543.9301,1541.5800,1543.2000,0
2026-06-29T15:00:00Z,1543.0200,1543.8101,1541.5800,1542.4399,0
2026-06-29T15:30:00Z,1542.4800,1543.1801,1541.4900,1542.0500,0
2026-06-29T16:00:00Z,1542.0500,1542.6801,1540.6801,1541.9800,0
2026-06-29T16:30:00Z,1542.4301,1542.9700,1540.6801,1541.9399,0
2026-06-29T17:00:00Z,1541.9399,1542.1000,1541.2500,1542.0400,0
2026-06-29T17:30:00Z,1542.0400,1542.0900,1540.8800,1541.5400,0
2026-06-29T18:00:00Z,1541.4301,1542.0500,1539.5300,1542.0000,0
2026-06-29T18:30:00Z,1541.9900,1542.3101,1539.5000,1539.5699,0
2026-06-29T19:00:00Z,1539.5900,1542.1300,1538.9800,1539.5800,0
2026-06-29T19:30:00Z,1539.6000,1542.3000,1539.0000,1539.4301,0
2026-06-29T20:00:00Z,1539.4800,1542.3101,1539.4800,1542.0500,0
2026-06-29T20:30:00Z,1542.0500,1542.0800,1539.9800,1540.6700,0
2026-06-29T21:00:00Z,1540.7700,1542.3000,1540.0900,1540.6500,0
2026-06-29T22:00:00Z,1541.9800,1542.8700,1540.4301,1542.0400,0
2026-06-30T00:00:00Z,1542.0400,1543.1801,1541.2800,1543.1801,0
2026-06-30T03:30:00Z,1547.8000,1547.8000,1547.8000,1547.8000,0
2026-06-30T04:00:00Z,1548.5000,1548.5000,1548.5000,1548.5000,0
2026-06-30T04:30:00Z,1547.6000,1547.6000,1547.6000,1547.6000,0
2026-06-30T05:00:00Z,1546.3000,1546.3000,1546.3000,1546.3000,0
2026-06-30T05:30:00Z,1548.4000,1548.4000,1548.4000,1548.4000,0
2026-06-30T06:00:00Z,1548.1000,1548.1000,1548.1000,1548.1000,0
2026-06-30T06:30:00Z,1550.1000,1550.1000,1550.1000,1550.1000,0
2026-06-30T07:00:00Z,1548.5000,1548.5000,1548.5000,1548.5000,0
2026-06-30T07:30:00Z,1550.3000,1550.3000,1550.3000,1550.3000,0
2026-06-30T08:00:00Z,1553.0000,1553.0000,1553.0000,1553.0000,0
2026-06-30T08:30:00Z,1552.4000,1552.4000,1552.4000,1552.4000,0
2026-06-30T09:00:00Z,1550.4000,1550.4000,1550.4000,1550.4000,0
2026-06-30T09:30:00Z,1550.9000,1550.9000,1550.9000,1550.9000,0
2026-06-30T10:00:00Z,1551.0000,1551.0000,1551.0000,1551.0000,0
2026-06-30T17:30:00Z,1548.1500,1548.6600,1547.7900,1547.8800,0
2026-06-30T18:00:00Z,1548.5900,1548.7000,1545.8500,1545.8800,0
2026-06-30T18:30:00Z,1545.8800,1546.7200,1545.8700,1546.5900,0
2026-06-30T19:00:00Z,1546.5500,1548.9000,1546.5200,1548.5699,0
2026-06-30T19:30:00Z,1547.4399,1548.7500,1546.3700,1546.4600,0
2026-06-30T20:00:00Z,1546.4800,1548.8800,1545.9700,1548.6801,0
2026-06-30T20:30:00Z,1546.6801,1548.7400,1546.6801,1548.5400,0
2026-06-30T21:00:00Z,1547.3101,1548.9800,1545.1500,1545.9700,0
2026-06-30T21:30:00Z,1545.8600,1547.1300,1545.8400,1546.5601,0
2026-06-30T22:00:00Z,1546.6000,1546.6200,1544.9000,1545.6899,0
2026-07-01T00:00:00Z,1545.6899,1552.8800,1545.6899,1550.9800,0
2026-07-01T00:30:00Z,1550.9800,1556.2800,1550.6801,1556.2800,0
2026-07-01T01:00:00Z,1556.2300,1558.9800,1555.9500,1557.5800,0
2026-07-01T01:30:00Z,1557.5800,1558.8500,1557.4800,1558.3300,0
2026-07-01T02:00:00Z,1558.3500,1558.5699,1555.1801,1556.4800,0
2026-07-01T02:30:00Z,1556.1801,1557.4500,1555.3800,1557.2800,0
2026-07-01T03:00:00Z,1557.1801,1557.5900,1555.5800,1556.8800,0
2026-07-01T03:30:00Z,1557.0699,1557.7400,1551.0000,1556.4800,0
2026-07-01T04:00:00Z,1556.8400,1557.5400,1554.6801,1554.9800,0
2026-07-01T04:30:00Z,1554.8800,1555.0900,1549.7800,1551.2000,0
2026-07-01T05:00:00Z,1551.0800,1553.3800,1550.1801,1551.1100,0
2026-07-01T05:30:00Z,1551.0800,1551.5000,1548.8800,1550.4800,0
2026-07-01T06:00:00Z,1550.4800,1556.1801,1550.3800,1554.6801,0
2026-07-01T06:30:00Z,1554.6801,1557.2000,1554.5800,1555.8800,0
2026-07-01T07:00:00Z,1556.0800,1556.2100,1554.0800,1555.6200,0
2026-07-01T07:30:00Z,1555.5100,1556.5100,1554.8800,1555.1801,0
2026-07-01T08:00:00Z,1555.1801,1555.7800,1552.7800,1554.2600,0
2026-07-01T08:30:00Z,1554.2800,1554.8600,1552.0200,1554.6400,0
2026-07-01T09:00:00Z,1554.8500,1555.9800,1554.4800,1555.6200,0
2026-07-01T09:30:00Z,1555.1000,1558.0800,1555.1000,1557.3900,0
2026-07-01T10:00:00Z,1557.5200,1558.1000,1556.8500,1557.5800,0
2026-07-01T10:30:00Z,1557.5800,1557.9700,1556.5800,1557.6700,0
2026-07-01T11:00:00Z,1557.5900,1558.8900,1556.8101,1557.5400,0
2026-07-01T11:30:00Z,1557.4900,1558.1100,1557.0800,1557.9700,0
2026-07-01T12:00:00Z,1557.9800,1558.0400,1556.6600,1557.5601,0
2026-07-01T12:30:00Z,1557.3800,1558.5500,1557.1801,1557.5699,0
2026-07-01T13:00:00Z,1557.5900,1558.0800,1555.1801,1556.8500,0
2026-07-01T13:30:00Z,1555.4800,1556.4200,1552.7800,1553.8199,0
2026-07-01T14:00:00Z,1553.7300,1554.0800,1549.8800,1553.0900,0
2026-07-01T14:30:00Z,1553.0900,1553.2200,1549.7800,1552.6400,0
2026-07-01T15:00:00Z,1552.5699,1552.9200,1549.6700,1550.3101,0
2026-07-01T15:30:00Z,1550.3400,1551.0900,1549.9800,1550.6500,0
2026-07-01T16:00:00Z,1550.5699,1550.7600,1548.9800,1550.2600,0
2026-07-01T16:30:00Z,1550.2200,1551.1300,1549.8300,1550.1300,0
2026-07-01T17:00:00Z,1550.0900,1550.2600,1549.5200,1549.7000,0
2026-07-01T17:30:00Z,1549.6801,1550.2200,1549.1100,1550.1801,0
2026-07-01T18:00:00Z,1549.6899,1550.3400,1549.2800,1550.1000,0
2026-07-01T18:30:00Z,1550.1000,1550.3199,1549.7200,1550.3101,0
2026-07-01T19:00:00Z,1550.1500,1550.6300,1549.6400,1550.4100,0
2026-07-01T19:30:00Z,1550.4600,1550.6600,1550.0000,1550.6400,0
2026-07-01T20:00:00Z,1550.7600,1550.7900,1550.2900,1550.5699,0
2026-07-01T20:30:00Z,1550.3400,1551.2600,1550.3000,1550.6100,0
2026-07-01T21:00:00Z,1550.6100,1555.0500,1550.3700,1554.9100,0
2026-07-01T21:30:00Z,1554.9000,1554.9000,1550.3300,1553.6100,0
2026-07-01T22:00:00Z,1553.6200,1554.5200,1550.5400,1552.6300,0
2026-07-01T22:30:00Z,1552.6300,1552.6300,1552.6300,1552.6300,0
2026-07-02T00:00:00Z,1552.7900,1555.5800,1551.5800,1554.7600,0
2026-07-02T00:30:00Z,1554.7600,1556.4800,1553.6801,1554.3500,0
2026-07-02T01:00:00Z,1554.5800,1555.3800,1553.7800,1554.4399,0
2026-07-02T01:30:00Z,1554.4399,1555.3800,1552.2800,1555.2900,0
2026-07-02T02:00:00Z,1555.0800,1555.1801,1551.8101,1552.7800,0
2026-07-02T02:30:00Z,1552.8800,1554.1801,1552.3800,1552.9500,0
2026-07-02T03:00:00Z,1552.9600,1554.7800,1552.6801,1554.1801,0
2026-07-02T03:30:00Z,1553.9700,1557.9000,1552.2300,1552.3800,0
2026-07-02T04:00:00Z,1552.5800,1552.5800,1550.4800,1552.3800,0
2026-07-02T04:30:00Z,1552.5800,1553.3800,1552.2500,1552.4800,0
2026-07-02T05:00:00Z,1552.7800,1554.6801,1552.3199,1554.4800,0
2026-07-02T05:30:00Z,1554.3800,1555.0800,1553.3800,1554.3700,0
2026-07-02T06:00:00Z,1554.3800,1555.7800,1551.2800,1555.7800,0
2026-07-02T06:30:00Z,1555.5800,1556.2800,1547.4800,1552.0800,0
2026-07-02T07:00:00Z,1552.2800,1552.8300,1550.2800,1551.7800,0
2026-07-02T07:30:00Z,1551.9700,1552.0699,1548.0800,1548.6500,0
2026-07-02T08:00:00Z,1548.8800,1549.0000,1546.8800,1548.6801,0
2026-07-02T08:30:00Z,1548.7200,1548.7200,1547.1801,1547.5500,0
2026-07-02T09:00:00Z,1547.5800,1550.3400,1546.9800,1548.2100,0
2026-07-02T09:30:00Z,1548.2100,1548.5000,1546.5300,1547.0699,0
2026-07-02T10:00:00Z,1547.1801,1547.9500,1545.9200,1547.5601,0
2026-07-02T10:30:00Z,1547.3199,1548.5900,1546.6801,1546.9900,0
2026-07-02T11:00:00Z,1547.0300,1548.2900,1545.5800,1546.6000,0
2026-07-02T11:30:00Z,1546.6801,1548.4800,1545.7800,1548.2000,0
2026-07-02T12:00:00Z,1548.1200,1548.9700,1547.0800,1548.1801,0
2026-07-02T12:30:00Z,1547.7800,1547.7800,1540.6300,1544.6200,0
2026-07-02T13:00:00Z,1544.6700,1545.4800,1543.8400,1544.9100,0
2026-07-02T13:30:00Z,1544.7000,1545.0800,1539.4800,1541.2800,0
2026-07-02T14:00:00Z,1541.2800,1543.2800,1539.4800,1542.5500,0
2026-07-02T14:30:00Z,1542.7800,1543.9800,1539.4800,1541.4800,0
2026-07-02T15:00:00Z,1541.4900,1542.2000,1539.4800,1540.7800,0
2026-07-02T15:30:00Z,1540.6500,1541.0200,1537.8300,1538.5800,0
2026-07-02T16:00:00Z,1538.1700,1541.3101,1538.1100,1541.3101,0
2026-07-02T16:30:00Z,1540.0200,1541.5900,1536.9700,1537.8800,0
2026-07-02T17:00:00Z,1537.3500,1538.3300,1536.2800,1536.7000,0
2026-07-02T17:30:00Z,1536.6400,1538.8199,1536.3199,1538.6000,0
2026-07-02T18:00:00Z,1538.7000,1539.5300,1537.2500,1539.1200,0
2026-07-02T18:30:00Z,1538.8300,1539.2400,1537.5500,1539.1200,0
2026-07-02T19:00:00Z,1539.1899,1540.3101,1538.8900,1538.9200,0
2026-07-02T19:30:00Z,1539.2000,1539.4900,1537.4500,1539.0900,0
2026-07-02T20:00:00Z,1539.0900,1539.7000,1538.7100,1538.8800,0
2026-07-02T20:30:00Z,1539.0400,1539.9200,1538.7200,1539.8600,0
2026-07-02T21:00:00Z,1539.9100,1540.0601,1537.6899,1538.6200,0
2026-07-02T21:30:00Z,1538.6300,1538.6300,1536.4700,1538.0200,0
2026-07-02T22:00:00Z,1538.0000,1538.3600,1536.2000,1537.0699,0
2026-07-03T00:00:00Z,1537.0800,1548.2800,1537.0800,1545.8800,0
2026-07-03T00:30:00Z,1545.8800,1547.0800,1542.8800,1542.9800,0
2026-07-03T01:00:00Z,1542.9800,1543.8800,1536.4301,1536.7800,0
2026-07-03T01:30:00Z,1536.6801,1540.6801,1536.4000,1539.3800,0
2026-07-03T02:00:00Z,1539.4800,1540.1801,1537.0601,1538.8199,0
2026-07-03T02:30:00Z,1538.8800,1541.6801,1538.7000,1541.4800,0
2026-07-03T03:00:00Z,1541.2800,1544.4800,1540.9800,1544.0800,0
2026-07-03T03:30:00Z,1544.0800,1544.7000,1543.2900,1544.1801,0
2026-07-03T04:00:00Z,1544.0800,1544.5800,1543.5800,1544.0500,0
2026-07-03T04:30:00Z,1544.2800,1544.6801,1540.0800,1544.3800,0
2026-07-03T05:00:00Z,1544.3800,1545.3800,1542.1801,1543.1801,0
2026-07-03T05:30:00Z,1543.4500,1543.8700,1541.4800,1542.2800,0
2026-07-03T06:00:00Z,1542.2800,1543.3800,1526.3800,1526.8800,0
2026-07-03T06:30:00Z,1526.8800,1531.7200,1525.2800,1531.5100,0
2026-07-03T07:00:00Z,1531.4301,1531.8000,1527.2800,1528.3800,0
2026-07-03T07:30:00Z,1528.3600,1529.5800,1526.8800,1527.2900,0
2026-07-03T08:00:00Z,1527.1801,1530.7100,1527.1500,1530.2200,0
2026-07-03T08:30:00Z,1530.1899,1530.9800,1528.2700,1529.7800,0
2026-07-03T09:00:00Z,1529.7800,1529.9900,1526.8800,1529.8300,0
2026-07-03T09:30:00Z,1529.6700,1531.9800,1529.3000,1531.1700,0
2026-07-03T10:00:00Z,1531.2400,1531.3500,1530.4700,1531.0500,0
2026-07-03T10:30:00Z,1530.6100,1531.4600,1529.9800,1530.7800,0
2026-07-03T11:00:00Z,1530.7800,1532.0601,1529.7000,1530.6100,0
2026-07-03T11:30:00Z,1530.6200,1531.1801,1529.5500,1530.9500,0
2026-07-03T12:00:00Z,1530.9500,1531.9399,1529.9600,1531.6500,0
2026-07-03T12:30:00Z,1531.4200,1531.8900,1531.0500,1531.7200,0
2026-07-03T13:00:00Z,1531.7800,1533.1801,1531.3700,1532.2400,0
2026-07-03T13:30:00Z,1532.2600,1532.5900,1531.5300,1531.9800,0
2026-07-03T14:00:00Z,1531.8700,1532.2000,1530.9000,1531.6300,0
2026-07-03T14:30:00Z,1531.7300,1532.4000,1531.0601,1532.3101,0
2026-07-03T15:00:00Z,1532.2700,1532.5500,1530.1100,1530.3101,0
2026-07-03T15:30:00Z,1530.3101,1530.8300,1530.2800,1530.7400,0
2026-07-03T16:00:00Z,1530.7800,1530.9200,1530.4301,1530.4301,0
2026-07-03T16:30:00Z,1530.4301,1530.8800,1528.9700,1529.9100,0
2026-07-03T17:00:00Z,1529.9600,1529.9600,1528.3199,1528.4700,0
2026-07-03T17:30:00Z,1528.4700,1529.7900,1528.4700,1529.5400,0
2026-07-03T18:00:00Z,1529.6200,1529.8500,1529.4900,1529.7900,0
2026-07-03T18:30:00Z,1529.6700,1530.0800,1529.5900,1529.6801,0
2026-07-03T19:00:00Z,1529.8800,1530.2300,1529.6500,1529.9000,0
2026-07-03T19:30:00Z,1529.7000,1530.4500,1529.6899,1529.9900,0
2026-07-03T20:00:00Z,1530.0699,1530.3300,1529.6700,1530.1500,0
2026-07-05T23:00:00Z,1529.1000,1529.4900,1528.3101,1529.1700,0
2026-07-05T23:30:00Z,1529.3199,1532.1200,1527.3400,1531.6801,0
2026-07-06T00:00:00Z,1531.7800,1537.2800,1530.9399,1532.2800,0
2026-07-06T00:30:00Z,1532.2800,1532.5100,1528.6801,1529.1801,0
2026-07-06T01:00:00Z,1529.0800,1530.0000,1526.3800,1529.7800,0
2026-07-06T01:30:00Z,1529.6801,1533.0800,1528.5800,1532.9800,0
2026-07-06T02:00:00Z,1532.9800,1534.9800,1532.4700,1533.7800,0
2026-07-06T02:30:00Z,1533.5800,1534.2800,1532.5800,1533.6801,0
2026-07-06T03:00:00Z,1533.5800,1533.9800,1532.1801,1532.8800,0
2026-07-06T03:30:00Z,1532.7800,1533.3101,1531.8800,1532.9800,0
2026-07-06T04:00:00Z,1532.7800,1533.2800,1530.6200,1531.1801,0
2026-07-06T04:30:00Z,1531.0800,1531.2200,1528.9800,1529.3800,0
2026-07-06T05:00:00Z,1529.3800,1531.3600,1528.7800,1530.8800,0
2026-07-06T05:30:00Z,1530.9800,1531.9301,1528.7800,1531.4800,0
2026-07-06T06:00:00Z,1531.5300,1533.5699,1529.8800,1530.7800,0
2026-07-06T06:30:00Z,1530.1801,1534.3800,1529.9800,1533.4900,0
2026-07-06T07:00:00Z,1533.2400,1533.8300,1531.9800,1533.6100,0
2026-07-06T07:30:00Z,1533.6400,1534.0900,1531.4399,1531.8800,0
2026-07-06T08:00:00Z,1531.9800,1533.1801,1531.0800,1531.9000,0
2026-07-06T08:30:00Z,1532.0800,1533.5900,1531.3800,1533.0800,0
2026-07-06T09:00:00Z,1533.0200,1533.5000,1531.3800,1532.6500,0
2026-07-06T09:30:00Z,1532.4500,1532.8800,1531.3800,1532.3900,0
2026-07-06T10:00:00Z,1532.4800,1532.7300,1531.1300,1532.0200,0
2026-07-06T10:30:00Z,1531.8101,1532.0500,1530.3800,1531.0900,0
2026-07-06T11:00:00Z,1531.1899,1531.7800,1530.3800,1530.5900,0
2026-07-06T11:30:00Z,1530.8101,1531.7900,1530.3800,1531.2200,0
2026-07-06T12:00:00Z,1531.0900,1532.3400,1530.3800,1530.4800,0
2026-07-06T12:30:00Z,1531.9800,1533.0800,1530.3800,1532.4000,0
2026-07-06T13:00:00Z,1532.4301,1533.0200,1531.7400,1532.2300,0
2026-07-06T13:30:00Z,1532.0200,1533.1500,1531.1400,1531.8101,0
2026-07-06T14:00:00Z,1531.8500,1532.7800,1530.3800,1532.2600,0
2026-07-06T14:30:00Z,1532.8000,1533.3300,1532.1300,1532.6300,0
2026-07-06T15:00:00Z,1532.1100,1533.0900,1531.7800,1532.0800,0
2026-07-06T15:30:00Z,1531.7900,1532.2800,1530.3800,1530.9600,0
2026-07-06T16:00:00Z,1530.9600,1531.4600,1530.3800,1530.7500,0
2026-07-06T16:30:00Z,1530.7300,1531.3300,1530.4900,1531.2000,0
2026-07-06T17:00:00Z,1531.1700,1531.3300,1529.8900,1529.9700,0
2026-07-06T17:30:00Z,1530.6300,1531.0900,1529.6300,1530.2900,0
2026-07-06T18:00:00Z,1529.9399,1530.9900,1528.9000,1530.5800,0
2026-07-06T18:30:00Z,1529.9700,1531.2100,1527.9000,1528.2700,0
2026-07-06T19:00:00Z,1528.2700,1530.2700,1527.6600,1528.3300,0
2026-07-06T19:30:00Z,1528.0800,1529.7600,1528.0500,1528.4700,0
2026-07-06T20:00:00Z,1528.7100,1531.0100,1528.4100,1530.7800,0
2026-07-06T20:30:00Z,1529.7400,1530.6700,1527.6400,1528.6899,0
2026-07-06T21:00:00Z,1528.4700,1529.3800,1528.0100,1528.0601,0
2026-07-06T21:30:00Z,1531.3300,1531.3400,1530.2000,1530.4500,0
2026-07-06T22:00:00Z,1531.1700,1531.1700,1529.1700,1529.8199,0
2026-07-06T22:30:00Z,1529.6000,1530.2400,1529.3400,1529.8300,0
2026-07-06T23:00:00Z,1529.8199,1530.7800,1528.4600,1529.2200,0
2026-07-06T23:30:00Z,1529.2400,1530.5000,1527.9500,1528.7500,0
2026-07-07T00:00:00Z,1528.5800,1530.6801,1527.5800,1530.4800,0
2026-07-07T00:30:00Z,1530.4800,1531.7800,1527.9700,1529.2800,0
2026-07-07T01:00:00Z,1529.1801,1529.5800,1528.3700,1528.7500,0
2026-07-07T01:30:00Z,1528.5800,1528.6400,1524.0200,1525.4800,0
2026-07-07T02:00:00Z,1525.4800,1527.1801,1525.1899,1526.8000,0
2026-07-07T02:30:00Z,1526.3500,1526.9800,1523.5800,1523.6801,0
2026-07-07T03:00:00Z,1523.5800,1524.0800,1519.3700,1522.0800,0
2026-07-07T03:30:00Z,1522.2800,1523.4800,1520.8800,1522.7400,0
2026-07-07T04:00:00Z,1522.6801,1523.4800,1521.4500,1523.2800,0
2026-07-07T04:30:00Z,1522.8900,1526.4800,1522.6600,1526.1801,0
2026-07-07T05:00:00Z,1526.1801,1526.7800,1525.0400,1525.5300,0
2026-07-07T05:30:00Z,1525.4700,1526.9800,1524.8700,1525.3600,0
2026-07-07T06:00:00Z,1525.3700,1528.7800,1525.3101,1528.0800,0
2026-07-07T06:30:00Z,1528.1801,1528.3800,1526.1700,1527.0900,0
2026-07-07T07:00:00Z,1527.1100,1528.1801,1524.6801,1526.6500,0
2026-07-07T07:30:00Z,1526.5100,1526.5601,1521.3800,1522.4500,0
2026-07-07T08:00:00Z,1523.1100,1524.0200,1521.3800,1522.2400,0
2026-07-07T08:30:00Z,1522.2400,1522.2400,1519.7800,1521.6000,0
2026-07-07T09:00:00Z,1521.2500,1522.1400,1519.8800,1521.6200,0
2026-07-07T09:30:00Z,1521.7000,1521.9399,1518.4600,1518.9800,0
2026-07-07T10:00:00Z,1519.0800,1519.5400,1515.6200,1515.8800,0
2026-07-07T10:30:00Z,1515.8800,1516.9900,1513.3800,1513.7800,0
2026-07-07T11:00:00Z,1513.4100,1514.3000,1511.9000,1513.0100,0
2026-07-07T11:30:00Z,1512.4000,1515.1801,1512.3900,1513.7800,0
2026-07-07T12:00:00Z,1514.0800,1514.2200,1510.2800,1510.3800,0
2026-07-07T12:30:00Z,1510.0800,1515.0800,1510.0300,1514.6500,0
2026-07-07T13:00:00Z,1514.5100,1515.1100,1513.2700,1514.1400,0
2026-07-07T13:30:00Z,1513.3900,1515.6801,1512.1600,1515.1801,0
2026-07-07T14:00:00Z,1515.1200,1516.4301,1513.8800,1515.0800,0
2026-07-07T14:30:00Z,1515.7600,1516.1801,1513.8800,1514.5601,0
2026-07-07T15:00:00Z,1514.5601,1515.4100,1514.2100,1514.3800,0
2026-07-07T15:30:00Z,1514.6400,1514.8500,1513.9700,1514.3700,0
2026-07-07T16:00:00Z,1514.4100,1514.4800,1513.3500,1514.0000,0
2026-07-07T16:30:00Z,1513.8000,1514.3400,1513.4100,1513.9301,0
2026-07-07T17:00:00Z,1513.6899,1514.4000,1513.0900,1513.1899,0
2026-07-07T17:30:00Z,1513.3199,1514.2400,1510.8500,1512.9700,0
2026-07-07T18:00:00Z,1512.7700,1512.9301,1510.7000,1511.3500,0
2026-07-07T18:30:00Z,1511.1700,1512.9399,1510.9900,1512.3101,0
2026-07-07T19:00:00Z,1512.5900,1515.7300,1512.4600,1514.1000,0
2026-07-07T19:30:00Z,1514.0699,1514.6801,1512.1700,1512.6000,0
2026-07-07T20:00:00Z,1512.4200,1514.9301,1512.2900,1514.5100,0
2026-07-07T20:30:00Z,1513.9700,1515.4200,1513.0900,1514.6000,0
2026-07-07T21:00:00Z,1513.8800,1514.7800,1513.0900,1514.3400,0
2026-07-07T21:30:00Z,1513.7900,1514.0900,1512.6600,1513.1801,0
2026-07-07T22:00:00Z,1513.2000,1515.4500,1512.6899,1515.4500,0
2026-07-07T22:30:00Z,1514.7900,1515.3800,1512.6000,1514.9800,0
2026-07-07T23:00:00Z,1514.3300,1515.4900,1512.5900,1515.0900,0
2026-07-07T23:30:00Z,1515.1000,1515.9900,1513.7100,1515.2000,0
2026-07-08T00:00:00Z,1515.2000,1522.0800,1515.2000,1516.1899,0
2026-07-08T00:30:00Z,1516.3800,1517.5800,1515.6200,1517.2800,0
2026-07-08T01:00:00Z,1517.0800,1517.2800,1514.3700,1515.7200,0
2026-07-08T01:30:00Z,1515.6801,1516.1801,1510.9800,1511.7800,0
2026-07-08T02:00:00Z,1511.4700,1513.6801,1510.9800,1513.4800,0
2026-07-08T02:30:00Z,1513.5800,1513.5800,1508.1899,1508.7800,0
2026-07-08T03:00:00Z,1508.8400,1509.2000,1506.4200,1509.1801,0
2026-07-08T03:30:00Z,1509.2800,1511.1801,1508.7100,1510.0800,0
2026-07-08T04:00:00Z,1509.9800,1511.3700,1509.1801,1509.5800,0
2026-07-08T04:30:00Z,1509.6500,1509.6801,1507.2800,1508.2800,0
2026-07-08T05:00:00Z,1508.1801,1508.7800,1506.0800,1507.5500,0
2026-07-08T05:30:00Z,1507.4800,1507.4800,1502.2800,1506.4800,0
2026-07-08T06:00:00Z,1506.5800,1508.1801,1497.7800,1498.1801,0
2026-07-08T06:30:00Z,1498.0800,1501.6000,1498.0800,1500.1801,0
2026-07-08T07:00:00Z,1500.3800,1504.2000,1500.3800,1503.4800,0
2026-07-08T07:30:00Z,1503.1100,1503.2900,1501.4800,1502.6600,0
2026-07-08T08:00:00Z,1502.3800,1512.1801,1502.3500,1508.1801,0
2026-07-08T08:30:00Z,1508.2800,1512.2800,1508.0000,1511.7700,0
2026-07-08T09:00:00Z,1511.8101,1512.6899,1509.7800,1510.4800,0
2026-07-08T09:30:00Z,1510.4800,1511.5601,1504.7800,1508.5800,0
2026-07-08T10:00:00Z,1508.5800,1508.9100,1504.7800,1506.4301,0
2026-07-08T10:30:00Z,1506.5100,1506.9200,1504.7800,1506.8000,0
2026-07-08T11:00:00Z,1506.8000,1510.1700,1506.4800,1509.9900,0
2026-07-08T11:30:00Z,1509.3800,1510.6899,1508.2800,1509.3800,0
2026-07-08T12:00:00Z,1509.3800,1509.9800,1504.7800,1506.9000,0
2026-07-08T12:30:00Z,1506.7900,1508.4800,1504.7800,1508.4800,0
2026-07-08T13:00:00Z,1508.4800,1508.5601,1504.7800,1507.5699,0
2026-07-08T13:30:00Z,1507.5800,1508.1801,1504.7800,1507.0300,0
2026-07-08T14:00:00Z,1507.0699,1508.6400,1504.7800,1508.4399,0
2026-07-08T14:30:00Z,1508.1801,1509.3500,1508.0800,1508.8600,0
2026-07-08T15:00:00Z,1508.6000,1510.3300,1507.8500,1510.3300,0
2026-07-08T15:30:00Z,1510.2300,1511.5400,1510.2300,1511.1100,0
2026-07-08T16:00:00Z,1511.1400,1511.4301,1509.0601,1510.5000,0
2026-07-08T16:30:00Z,1510.6100,1510.6100,1506.1801,1507.2600,0
2026-07-08T17:00:00Z,1507.2500,1507.7400,1505.3000,1505.9200,0
2026-07-08T17:30:00Z,1505.7900,1507.3700,1505.2900,1507.0800,0
2026-07-08T18:00:00Z,1507.1200,1507.2700,1504.1600,1504.4399,0
2026-07-08T18:30:00Z,1504.3700,1505.5699,1503.4600,1504.2700,0
2026-07-08T19:00:00Z,1503.8199,1504.0601,1502.9900,1503.1801,0
2026-07-08T19:30:00Z,1503.3500,1503.6100,1501.3000,1501.9800,0
2026-07-08T20:00:00Z,1502.0400,1504.5300,1502.0400,1503.9600,0
2026-07-08T20:30:00Z,1503.8700,1505.0400,1503.2700,1504.0500,0
2026-07-08T21:00:00Z,1504.8300,1505.7700,1503.7000,1505.7700,0
2026-07-08T21:30:00Z,1505.8000,1505.8199,1504.9900,1505.5699,0
2026-07-08T22:30:00Z,1505.5699,1507.1200,1504.4000,1505.4000,0
2026-07-08T23:00:00Z,1504.5601,1506.2500,1504.3500,1505.8400,0
2026-07-08T23:30:00Z,1505.8300,1506.7000,1504.0800,1504.6500,0
2026-07-09T00:00:00Z,1504.6400,1504.8800,1496.6801,1499.9800,0
2026-07-09T00:30:00Z,1499.7800,1506.1801,1499.1801,1504.1899,0
2026-07-09T01:00:00Z,1504.1801,1506.7800,1501.9800,1506.6801,0
2026-07-09T01:30:00Z,1506.4800,1508.7800,1505.9800,1506.4800,0
2026-07-09T02:00:00Z,1506.5800,1507.2800,1503.9500,1505.1801,0
2026-07-09T02:30:00Z,1504.8600,1507.2800,1504.4500,1507.1801,0
2026-07-09T03:00:00Z,1507.1801,1507.3800,1505.8800,1505.9800,0
2026-07-09T03:30:00Z,1506.1801,1506.3800,1504.6801,1505.4800,0
2026-07-09T04:00:00Z,1505.7800,1506.0800,1502.2800,1502.9800,0
2026-07-09T04:30:00Z,1502.9800,1503.9800,1501.7800,1501.9800,0
2026-07-09T05:00:00Z,1501.9800,1503.4800,1501.0601,1501.4200,0
2026-07-09T05:30:00Z,1501.4399,1505.5800,1501.0900,1503.0400,0
2026-07-09T06:00:00Z,1503.0800,1507.3800,1502.4800,1505.5800,0
2026-07-09T06:30:00Z,1505.7800,1509.6801,1505.5400,1509.3800,0
2026-07-09T07:00:00Z,1509.4800,1511.5800,1507.9800,1508.7100,0
2026-07-09T07:30:00Z,1508.1899,1511.3000,1508.1700,1510.8900,0
2026-07-09T08:00:00Z,1511.1801,1514.1801,1510.8800,1510.8800,0
2026-07-09T08:30:00Z,1510.8800,1512.6600,1510.7800,1512.6600,0
2026-07-09T09:00:00Z,1511.7300,1513.4800,1509.5800,1512.4500,0
2026-07-09T09:30:00Z,1512.4399,1513.2800,1509.5800,1512.1200,0
2026-07-09T10:00:00Z,1512.1801,1512.8800,1509.4800,1512.2500,0
2026-07-09T10:30:00Z,1512.2100,1513.9301,1509.8800,1513.3800,0
2026-07-09T11:00:00Z,1513.6300,1513.8800,1512.3800,1512.6200,0
2026-07-09T11:30:00Z,1512.5800,1513.3800,1510.7800,1513.0000,0
2026-07-09T12:00:00Z,1513.0000,1513.2800,1511.7800,1512.5900,0
2026-07-09T12:30:00Z,1512.2800,1513.1801,1511.7800,1512.6000,0
2026-07-09T13:00:00Z,1512.6500,1512.9100,1509.4800,1511.5699,0
2026-07-09T13:30:00Z,1511.5800,1511.5800,1508.7800,1509.1801,0
2026-07-09T14:00:00Z,1509.0800,1511.0601,1508.7800,1509.4100,0
2026-07-09T14:30:00Z,1509.7800,1510.3800,1509.1500,1509.6200,0
2026-07-09T15:00:00Z,1509.8000,1509.8199,1507.6500,1509.5800,0
2026-07-09T15:30:00Z,1509.4000,1510.2800,1508.3500,1508.4600,0
2026-07-09T16:00:00Z,1508.4600,1509.2100,1508.3199,1508.8300,0
2026-07-09T16:30:00Z,1508.7000,1509.1899,1508.1000,1508.4700,0
2026-07-09T17:00:00Z,1508.8900,1509.8500,1508.3000,1508.3900,0
2026-07-09T17:30:00Z,1508.7100,1508.9500,1507.6500,1507.6801,0
2026-07-09T18:00:00Z,1507.8600,1508.3101,1506.4600,1506.7600,0
2026-07-09T18:30:00Z,1507.3700,1507.3700,1505.4800,1505.8700,0
2026-07-09T19:00:00Z,1505.8400,1506.8800,1505.3199,1505.5601,0
2026-07-09T19:30:00Z,1506.2500,1507.0100,1505.4200,1506.2500,0
2026-07-09T20:00:00Z,1505.6801,1508.7800,1504.7100,1505.2700,0
2026-07-09T20:30:00Z,1505.2700,1505.6400,1504.8101,1505.2600,0
2026-07-09T21:00:00Z,1505.0900,1507.9500,1504.7800,1506.6899,0
2026-07-09T21:30:00Z,1507.1500,1507.6600,1505.6400,1506.4800,0
2026-07-09T22:30:00Z,1506.2300,1507.0601,1505.5699,1506.5500,0
2026-07-09T23:00:00Z,1506.2400,1507.5100,1505.5100,1505.8800,0
2026-07-09T23:30:00Z,1505.8199,1507.0800,1504.8800,1505.5900,0
2026-07-10T00:00:00Z,1505.5900,1511.8800,1504.7800,1510.8800,0
2026-07-10T00:30:00Z,1511.0800,1512.2800,1507.0800,1507.7800,0
2026-07-10T01:00:00Z,1507.8800,1511.5900,1505.8800,1510.9800,0
2026-07-10T01:30:00Z,1510.8800,1513.1801,1508.5900,1509.7800,0
2026-07-10T02:00:00Z,1509.7800,1510.0800,1502.5800,1506.1801,0
2026-07-10T02:30:00Z,1506.2800,1507.9800,1504.9800,1505.0800,0
2026-07-10T03:00:00Z,1505.3800,1508.8101,1504.8800,1507.1801,0
2026-07-10T03:30:00Z,1507.2800,1509.5400,1506.6801,1508.9800,0
2026-07-10T04:00:00Z,1509.1801,1510.6899,1507.5800,1509.8199,0
2026-07-10T04:30:00Z,1509.6801,1511.8900,1509.2800,1510.8800,0
2026-07-10T05:00:00Z,1510.8800,1512.0800,1509.7800,1510.0800,0
2026-07-10T05:30:00Z,1510.1801,1511.1400,1507.2800,1507.6801,0
2026-07-10T06:00:00Z,1507.6801,1508.3800,1498.7800,1501.2800,0
2026-07-10T06:30:00Z,1501.0800,1504.6801,1500.4800,1504.1801,0
2026-07-10T07:00:00Z,1504.2800,1504.8900,1501.9800,1502.4900,0
2026-07-10T07:30:00Z,1502.4900,1504.1400,1501.9800,1503.0800,0
2026-07-10T08:00:00Z,1503.0800,1506.2800,1502.7300,1506.1100,0
2026-07-10T08:30:00Z,1506.1200,1506.4200,1504.2800,1504.9100,0
2026-07-10T09:00:00Z,1504.9100,1506.0200,1504.2800,1505.3300,0
2026-07-10T09:30:00Z,1504.9700,1505.4700,1503.4800,1504.5000,0
2026-07-10T10:00:00Z,1504.4000,1505.5800,1504.0800,1504.5699,0
2026-07-10T10:30:00Z,1504.5200,1504.6600,1503.0800,1503.8000,0
2026-07-10T11:00:00Z,1503.5800,1504.8800,1501.4800,1504.7800,0
2026-07-10T11:30:00Z,1504.5699,1505.8300,1504.0800,1504.8800,0
2026-07-10T12:00:00Z,1504.9800,1505.2800,1501.5800,1504.5800,0
2026-07-10T12:30:00Z,1504.5100,1505.4800,1501.5800,1504.3900,0
2026-07-10T13:00:00Z,1504.1400,1504.6801,1503.5800,1504.1700,0
2026-07-10T13:30:00Z,1504.2500,1504.2500,1501.2200,1501.2200,0
2026-07-10T14:00:00Z,1501.2300,1501.8800,1500.5800,1501.0800,0
2026-07-10T14:30:00Z,1501.3000,1504.9800,1500.5800,1502.8800,0
2026-07-10T15:00:00Z,1502.8800,1503.2800,1500.1400,1501.2100,0
2026-07-10T15:30:00Z,1500.8600,1501.7800,1500.2800,1500.5100,0
2026-07-10T16:00:00Z,1500.3800,1501.1899,1499.7200,1500.6899,0
2026-07-10T16:30:00Z,1500.5400,1501.9301,1500.2100,1501.0800,0
2026-07-10T17:00:00Z,1501.5900,1502.8600,1500.2800,1501.7800,0
2026-07-10T17:30:00Z,1501.5800,1502.6899,1501.3800,1501.5100,0
2026-07-10T18:00:00Z,1501.6300,1502.5000,1500.0000,1500.8000,0
2026-07-10T18:30:00Z,1500.7500,1502.9800,1500.1100,1500.7500,0
2026-07-10T19:00:00Z,1500.7500,1501.1200,1499.9500,1500.9800,0
2026-07-10T19:30:00Z,1501.1000,1501.6700,1499.7400,1499.7400,0
2026-07-10T20:00:00Z,1500.2900,1500.4000,1498.0601,1499.6801,0
2026-07-10T20:30:00Z,1499.5300,1500.3199,1497.9600,1498.8700,0
2026-07-10T21:00:00Z,1498.8700,1498.8700,1498.8700,1498.8700,0
2026-07-12T23:00:00Z,1498.9000,1499.3800,1498.6899,1498.9200,0
2026-07-12T23:30:00Z,1498.8900,1501.8101,1498.1801,1499.2100,0
2026-07-13T00:00:00Z,1499.1000,1502.7000,1496.7800,1502.2800,0
2026-07-13T00:30:00Z,1502.4200,1504.2500,1502.0800,1504.2500,0
2026-07-13T01:00:00Z,1504.2200,1505.7300,1503.3800,1505.1801,0
2026-07-13T01:30:00Z,1505.1801,1506.1801,1504.0800,1504.3300,0
2026-07-13T02:00:00Z,1504.3800,1506.2800,1504.0800,1505.4301,0
2026-07-13T02:30:00Z,1505.4800,1508.3199,1505.2000,1506.5800,0
2026-07-13T03:00:00Z,1506.7100,1508.3800,1506.2800,1507.6400,0
2026-07-13T03:30:00Z,1507.6600,1508.6899,1506.8800,1507.6200,0
2026-07-13T04:00:00Z,1507.6100,1508.3101,1506.0800,1506.5200,0
2026-07-13T04:30:00Z,1506.5400,1507.9200,1505.1801,1506.6600,0
2026-07-13T05:00:00Z,1506.6801,1506.9500,1503.0800,1506.4500,0
2026-07-13T05:30:00Z,1505.7800,1508.0200,1504.4800,1506.6801,0
2026-07-13T06:00:00Z,1506.8800,1508.6801,1500.7800,1502.9800,0
2026-07-13T06:30:00Z,1502.9800,1504.0100,1500.4800,1502.9800,0
2026-07-13T07:00:00Z,1502.7800,1503.2600,1500.8800,1502.4399,0
2026-07-13T07:30:00Z,1502.4500,1502.4500,1496.6801,1497.2900,0
2026-07-13T08:00:00Z,1497.3600,1497.8000,1492.1801,1496.5800,0
2026-07-13T08:30:00Z,1496.5800,1496.6899,1491.7800,1492.2900,0
2026-07-13T09:00:00Z,1492.3101,1496.4800,1492.3101,1496.2100,0
2026-07-13T09:30:00Z,1496.4399,1496.4399,1491.5800,1491.7600,0
2026-07-13T10:00:00Z,1491.8800,1492.8800,1491.2800,1492.5800,0
2026-07-13T10:30:00Z,1492.5100,1493.3000,1491.3800,1492.7500,0
2026-07-13T11:00:00Z,1492.8700,1493.5400,1491.8800,1492.7200,0
2026-07-13T11:30:00Z,1492.5800,1493.5800,1491.7800,1493.3800,0
2026-07-13T12:00:00Z,1493.5800,1495.6801,1493.1000,1494.4600,0
2026-07-13T12:30:00Z,1494.1200,1494.9100,1492.9301,1493.4000,0
2026-07-13T13:00:00Z,1493.4000,1493.5100,1490.9800,1492.1801,0
2026-07-13T13:30:00Z,1492.3300,1494.0601,1491.3800,1493.3800,0
2026-07-13T14:00:00Z,1493.1801,1495.3800,1491.7800,1493.3800,0
2026-07-13T14:30:00Z,1493.3800,1495.4100,1491.8800,1493.3500,0
2026-07-13T15:00:00Z,1493.3900,1494.1000,1492.0800,1492.9200,0
2026-07-13T15:30:00Z,1492.9200,1493.5699,1491.5800,1492.4900,0
2026-07-13T16:00:00Z,1492.5100,1493.7300,1492.0100,1493.5200,0
2026-07-13T16:30:00Z,1493.6300,1496.2600,1492.9800,1495.6100,0
2026-07-13T17:00:00Z,1495.5300,1496.6801,1494.2800,1496.0699,0
2026-07-13T17:30:00Z,1496.2100,1497.4900,1494.2800,1497.2400,0
2026-07-13T18:00:00Z,1497.1600,1497.2000,1495.7200,1496.8101,0
2026-07-13T18:30:00Z,1496.8101,1497.5100,1496.1000,1496.7700,0
2026-07-13T19:00:00Z,1496.0900,1496.9000,1496.0300,1496.7600,0
2026-07-13T19:30:00Z,1496.7500,1497.9200,1496.0300,1497.7000,0
2026-07-13T20:00:00Z,1497.8300,1498.4900,1496.8800,1498.4200,0
2026-07-13T20:30:00Z,1497.8101,1498.4301,1495.8500,1497.1700,0
2026-07-13T21:00:00Z,1497.5400,1497.7900,1497.0200,1497.0200,0
2026-07-13T22:00:00Z,1497.0200,1497.0200,1497.0200,1497.0200,0
2026-07-13T22:30:00Z,1497.0200,1497.0200,1497.0200,1497.0200,0
2026-07-13T23:00:00Z,1496.9800,1497.3600,1495.6400,1497.3400,0
2026-07-13T23:30:00Z,1497.3600,1499.0699,1495.6801,1497.8199,0
2026-07-14T00:00:00Z,1497.8101,1499.1801,1495.2800,1497.3199,0
2026-07-14T00:30:00Z,1497.1801,1499.3800,1495.6801,1496.2800,0
2026-07-14T01:00:00Z,1496.3800,1496.3800,1490.3800,1492.4800,0
2026-07-14T01:30:00Z,1492.3800,1494.0800,1491.7800,1494.0800,0
2026-07-14T02:00:00Z,1493.9800,1494.4800,1492.5800,1493.1801,0
2026-07-14T02:30:00Z,1493.1899,1493.6801,1490.3800,1491.2800,0
2026-07-14T03:00:00Z,1491.0800,1491.8800,1486.4800,1486.5800,0
2026-07-14T03:30:00Z,1486.6801,1488.3800,1485.8800,1487.6600,0
2026-07-14T04:00:00Z,1487.6801,1489.1801,1486.5500,1487.7800,0
2026-07-14T04:30:00Z,1487.8800,1489.2800,1486.7800,1488.2800,0
2026-07-14T05:00:00Z,1488.2800,1490.5800,1486.8800,1490.5800,0
2026-07-14T05:30:00Z,1490.5800,1491.6000,1489.1801,1489.1801,0
2026-07-14T06:00:00Z,1489.1801,1495.1801,1488.5800,1492.5800,0
2026-07-14T06:30:00Z,1492.6801,1495.2800,1492.0800,1495.1801,0
2026-07-14T07:00:00Z,1495.3800,1495.7800,1490.9800,1493.1801,0
2026-07-14T07:30:00Z,1493.0800,1494.5000,1492.5800,1493.8400,0
2026-07-14T08:00:00Z,1493.5699,1494.5000,1493.4399,1493.7500,0
2026-07-14T08:30:00Z,1493.8101,1496.5200,1490.7800,1495.3800,0
2026-07-14T09:00:00Z,1495.3800,1496.5200,1493.8800,1494.1899,0
2026-07-14T09:30:00Z,1494.2200,1495.9000,1494.0500,1495.0699,0
2026-07-14T10:00:00Z,1494.4800,1496.1801,1494.2800,1496.0800,0
2026-07-14T10:30:00Z,1495.9600,1497.1801,1495.6801,1496.6500,0
2026-07-14T11:00:00Z,1496.7300,1497.2800,1495.4800,1495.9900,0
2026-07-14T11:30:00Z,1495.6801,1496.5000,1494.6801,1495.4301,0
2026-07-14T12:00:00Z,1495.2900,1495.5800,1493.5800,1494.2400,0
2026-07-14T12:30:00Z,1494.1600,1494.1600,1486.8800,1489.0800,0
2026-07-14T13:00:00Z,1489.3800,1489.3800,1486.7300,1486.9000,0
2026-07-14T13:30:00Z,1486.7800,1488.3800,1485.6801,1486.4500,0
2026-07-14T14:00:00Z,1486.4500,1488.8800,1486.2800,1488.4200,0
2026-07-14T14:30:00Z,1488.4301,1489.1899,1487.1801,1488.1100,0
2026-07-14T15:00:00Z,1488.1700,1488.9200,1486.8300,1487.9200,0
2026-07-14T15:30:00Z,1487.9000,1491.5500,1487.1801,1490.2400,0
2026-07-14T16:00:00Z,1490.2400,1491.0800,1488.9800,1489.4700,0
2026-07-14T16:30:00Z,1489.3900,1489.9200,1488.0800,1488.9800,0
2026-07-14T17:00:00Z,1488.9600,1490.8000,1488.5800,1489.2100,0
2026-07-14T17:30:00Z,1489.3101,1489.9301,1487.7800,1489.1500,0
2026-07-14T18:00:00Z,1489.1500,1489.1700,1487.7100,1487.9100,0
2026-07-14T18:30:00Z,1488.9800,1490.0601,1488.0400,1488.6500,0
2026-07-14T19:00:00Z,1488.7300,1489.2300,1487.8900,1489.1500,0
2026-07-14T19:30:00Z,1489.1500,1489.9200,1488.6899,1489.1100,0
2026-07-14T20:00:00Z,1489.0699,1489.8199,1488.2900,1488.8700,0
2026-07-14T20:30:00Z,1488.8500,1489.7900,1488.3700,1489.0400,0
2026-07-14T21:00:00Z,1489.0900,1489.1600,1487.9000,1488.7200,0
2026-07-14T21:30:00Z,1488.7500,1488.7700,1487.8600,1488.2100,0
2026-07-14T22:00:00Z,1488.2600,1488.4301,1488.1000,1488.4000,0
2026-07-14T22:30:00Z,1488.4100,1488.6600,1488.3400,1488.6000,0
2026-07-14T23:00:00Z,1488.5800,1488.9800,1486.5200,1487.2300,0
2026-07-14T23:30:00Z,1487.2300,1488.5100,1486.1801,1488.1801,0
2026-07-15T00:00:00Z,1488.1801,1490.2800,1487.1801,1488.3800,0
2026-07-15T00:30:00Z,1488.5800,1491.2800,1487.9800,1488.2800,0
2026-07-15T01:00:00Z,1488.5800,1489.7800,1488.0000,1489.0800,0
2026-07-15T01:30:00Z,1489.1801,1491.3800,1488.9399,1490.6801,0
2026-07-15T02:00:00Z,1490.7800,1492.5800,1489.4800,1490.2800,0
2026-07-15T02:30:00Z,1490.3800,1490.9800,1488.9800,1490.2800,0
2026-07-15T03:00:00Z,1490.2800,1491.2800,1489.5800,1490.7800,0
2026-07-15T03:30:00Z,1490.7800,1496.5000,1490.5800,1491.5800,0
2026-07-15T04:00:00Z,1491.3199,1492.4800,1491.1300,1491.7800,0
2026-07-15T04:30:00Z,1491.7800,1492.5000,1491.5000,1491.7900,0
2026-07-15T05:00:00Z,1492.2000,1492.3800,1489.7800,1490.0800,0
2026-07-15T05:30:00Z,1490.1801,1490.2900,1484.3800,1485.4800,0
2026-07-15T06:00:00Z,1485.5800,1487.8800,1484.2800,1484.3800,0
2026-07-15T06:30:00Z,1484.4800,1489.1100,1484.2800,1488.7300,0
2026-07-15T07:00:00Z,1488.9000,1488.9000,1488.9000,1488.9000,0
2026-07-15T07:30:00Z,1491.6000,1491.6000,1491.6000,1491.6000,0
2026-07-15T08:00:00Z,1491.8000,1491.8000,1491.8000,1491.8000,0
2026-07-15T08:30:00Z,1492.4000,1492.4000,1492.4000,1492.4000,0
2026-07-15T09:00:00Z,1491.0000,1491.0000,1491.0000,1491.0000,0
2026-07-15T09:30:00Z,1492.1000,1492.1000,1492.1000,1492.1000,0
2026-07-15T10:00:00Z,1493.8000,1493.8000,1493.8000,1493.8000,0
2026-07-15T12:00:00Z,1492.4800,1492.6000,1491.7800,1492.0400,0
2026-07-15T12:30:00Z,1490.7800,1491.1000,1489.1801,1489.2600,0
2026-07-15T13:00:00Z,1489.3700,1490.7500,1488.8800,1490.4800,0
2026-07-15T13:30:00Z,1490.3800,1490.5200,1489.3800,1489.9700,0
2026-07-15T14:30:00Z,1491.3300,1491.9800,1490.3800,1490.4900,0
2026-07-15T15:00:00Z,1490.4900,1491.3800,1488.7800,1489.3101,0
2026-07-15T15:30:00Z,1489.2800,1489.7800,1488.1000,1488.2800,0
2026-07-15T16:00:00Z,1488.2800,1489.3800,1487.8800,1488.1000,0
2026-07-15T16:30:00Z,1487.9900,1489.2800,1487.6700,1487.9301,0
2026-07-15T17:00:00Z,1488.0000,1488.5100,1486.8800,1487.7800,0
2026-07-15T17:30:00Z,1487.7800,1488.0300,1485.3400,1485.4600,0
2026-07-15T18:00:00Z,1485.9500,1486.4800,1484.7100,1484.7600,0
2026-07-15T18:30:00Z,1484.7600,1487.4900,1484.4000,1486.2400,0
2026-07-15T19:00:00Z,1486.4900,1486.6500,1484.9800,1486.1100,0
2026-07-15T19:30:00Z,1485.8800,1487.4700,1485.5900,1486.2000,0
2026-07-15T20:00:00Z,1486.0699,1486.7200,1485.3400,1485.3500,0
2026-07-15T20:30:00Z,1485.5699,1485.5800,1484.8800,1485.0200,0
2026-07-15T21:00:00Z,1485.0200,1486.8600,1484.8300,1486.5900,0
2026-07-15T21:30:00Z,1486.5800,1486.5800,1485.4800,1485.6100,0
2026-07-15T22:00:00Z,1485.6300,1487.4100,1485.6300,1487.1100,0
2026-07-15T22:30:00Z,1487.3199,1487.3199,1486.4399,1486.5400,0
2026-07-15T23:00:00Z,1486.5500,1487.1700,1484.8400,1485.5800,0
2026-07-15T23:30:00Z,1485.5900,1487.4301,1484.9301,1486.7000,0
2026-07-16T00:00:00Z,1486.6700,1486.6700,1484.0800,1484.2400,0
2026-07-16T00:30:00Z,1483.9800,1487.9000,1483.5800,1487.3800,0
2026-07-16T01:00:00Z,1487.3800,1488.2800,1486.0800,1487.4399,0
2026-07-16T01:30:00Z,1487.1801,1488.2900,1486.4800,1487.7800,0
2026-07-16T02:00:00Z,1487.7800,1488.6899,1484.9800,1485.0800,0
2026-07-16T02:30:00Z,1484.9800,1486.0800,1482.8800,1482.8800,0
2026-07-16T03:00:00Z,1482.8800,1484.7300,1482.8800,1483.3800,0
2026-07-16T03:30:00Z,1483.6600,1483.9100,1481.4800,1482.9800,0
2026-07-16T04:00:00Z,1482.9800,1485.0800,1482.8800,1484.6801,0
2026-07-16T04:30:00Z,1484.6801,1484.8400,1481.8800,1482.6801,0
2026-07-16T05:00:00Z,1482.6801,1482.8500,1480.4800,1480.4800,0
2026-07-16T05:30:00Z,1480.5800,1483.8199,1480.0800,1481.5800,0
2026-07-16T06:00:00Z,1481.6801,1483.9399,1478.8800,1479.7800,0
2026-07-16T06:30:00Z,1480.1700,1481.8700,1477.1801,1478.2800,0
2026-07-16T07:00:00Z,1477.6801,1478.5400,1476.5800,1477.7700,0
2026-07-16T07:30:00Z,1477.7700,1479.7600,1476.7800,1477.8400,0
2026-07-16T08:00:00Z,1477.8500,1479.0400,1477.6801,1478.8199,0
2026-07-16T08:30:00Z,1478.8300,1479.9301,1477.8800,1479.2800,0
2026-07-16T09:00:00Z,1479.6700,1479.9600,1478.2800,1479.8800,0
2026-07-16T09:30:00Z,1479.8800,1480.3199,1477.8800,1479.0800,0
2026-07-16T10:00:00Z,1479.1400,1479.1400,1477.4800,1478.7100,0
2026-07-16T10:30:00Z,1478.3800,1478.9100,1476.9800,1478.2100,0
2026-07-16T11:00:00Z,1478.0601,1479.0800,1477.6801,1478.6801,0
2026-07-16T11:30:00Z,1479.2100,1479.3800,1477.9800,1479.2300,0
2026-07-16T12:00:00Z,1479.2800,1480.1300,1476.1801,1477.0800,0
2026-07-16T12:30:00Z,1477.4800,1482.3101,1477.3800,1482.1000,0
2026-07-16T13:00:00Z,1482.3101,1482.6801,1479.6801,1479.9800,0
2026-07-16T13:30:00Z,1480.1801,1481.4800,1479.5800,1481.2800,0
2026-07-16T14:00:00Z,1481.1899,1481.7800,1479.9800,1481.1801,0
2026-07-16T14:30:00Z,1481.1801,1481.3101,1479.7000,1480.6700,0
2026-07-16T15:00:00Z,1480.6700,1481.2900,1479.8500,1481.0500,0
2026-07-16T15:30:00Z,1480.8300,1481.0200,1478.0800,1478.1700,0
2026-07-16T16:00:00Z,1478.1801,1480.2100,1478.0900,1479.5601,0
2026-07-16T16:30:00Z,1479.3700,1480.4200,1478.4301,1480.3700,0
2026-07-16T17:00:00Z,1480.1700,1480.7400,1479.9600,1480.7100,0
2026-07-16T17:30:00Z,1480.2800,1480.3400,1479.3600,1479.6100,0
2026-07-16T18:00:00Z,1479.6000,1480.3101,1478.6700,1479.7700,0
2026-07-16T18:30:00Z,1479.7800,1480.3199,1479.4800,1480.2600,0
2026-07-16T19:00:00Z,1479.6600,1480.4399,1479.6200,1480.1899,0
2026-07-16T19:30:00Z,1479.6700,1480.7500,1479.0800,1480.1899,0
2026-07-16T20:00:00Z,1479.4100,1480.2600,1477.7400,1478.4800,0
2026-07-16T20:30:00Z,1479.2600,1480.5500,1477.5500,1479.3700,0
2026-07-16T21:00:00Z,1479.3500,1479.4900,1478.5900,1478.9200,0
2026-07-16T21:30:00Z,1478.8800,1479.4700,1477.9301,1478.4600,0
2026-07-16T22:00:00Z,1478.4800,1479.0699,1477.7000,1477.7600,0
2026-07-16T22:30:00Z,1477.7300,1479.2000,1477.6899,1477.7300,0
2026-07-16T23:00:00Z,1477.7300,1479.9700,1477.7200,1479.0500,0
2026-07-16T23:30:00Z,1479.0400,1480.2000,1478.4200,1479.4399,0
2026-07-17T00:00:00Z,1479.2400,1481.4500,1478.7200,1480.1600,0
2026-07-17T00:30:00Z,1480.1600,1481.0200,1476.3101,1476.3101,0
2026-07-17T01:00:00Z,1476.2800,1478.9600,1476.2800,1478.0100,0
2026-07-17T01:30:00Z,1478.1200,1479.1899,1476.7400,1479.1899,0
2026-07-17T02:00:00Z,1477.8800,1478.4399,1476.3300,1478.1801,0
2026-07-17T02:30:00Z,1478.1801,1481.1400,1477.1801,1480.7800,0
2026-07-17T03:00:00Z,1480.7800,1481.0000,1479.6500,1480.7100,0
2026-07-17T03:30:00Z,1480.5500,1481.0400,1478.4000,1480.4500,0
2026-07-17T04:00:00Z,1480.2600,1480.7400,1479.6801,1480.5699,0
2026-07-17T04:30:00Z,1480.5400,1480.7400,1479.7000,1480.0500,0
2026-07-17T05:00:00Z,1479.8900,1480.6100,1479.7300,1479.8400,0
2026-07-17T05:30:00Z,1479.8400,1479.9600,1476.6500,1478.3400,0
2026-07-17T06:00:00Z,1478.4000,1480.2400,1477.9600,1480.2400,0
2026-07-17T06:30:00Z,1480.2400,1480.5800,1479.2000,1479.6000,0
2026-07-17T07:00:00Z,1479.9700,1480.5800,1478.3900,1480.4200,0
2026-07-17T07:30:00Z,1480.4399,1482.9301,1479.9399,1482.9301,0
2026-07-17T08:00:00Z,1483.0300,1484.8199,1481.2100,1483.4900,0
2026-07-17T08:30:00Z,1483.4900,1485.4100,1483.4900,1484.5100,0
2026-07-17T09:00:00Z,1484.4700,1486.8500,1484.4700,1485.0800,0
2026-07-17T09:30:00Z,1485.0300,1486.8900,1483.3900,1483.5200,0
2026-07-17T10:00:00Z,1483.5200,1486.3400,1483.5200,1485.1300,0
2026-07-17T10:30:00Z,1485.1300,1486.0400,1484.9399,1485.7800,0
2026-07-17T11:00:00Z,1485.6500,1487.1300,1485.6100,1486.2900,0
2026-07-17T11:30:00Z,1486.3800,1487.1700,1484.7900,1485.9301,0
2026-07-17T12:00:00Z,1485.8101,1485.8101,1484.6000,1485.1400,0
2026-07-17T12:30:00Z,1485.1600,1486.2300,1485.0400,1485.8101,0
2026-07-17T13:00:00Z,1486.0200,1486.6200,1485.8700,1486.3800,0
2026-07-17T13:30:00Z,1486.3900,1486.6700,1484.3600,1484.9100,0
2026-07-17T14:00:00Z,1484.9600,1485.0500,1483.6200,1484.2400,0
2026-07-17T14:30:00Z,1484.2400,1485.3000,1483.6899,1485.0200,0
2026-07-17T15:00:00Z,1485.0200,1487.5601,1485.0200,1486.3900,0
2026-07-17T15:30:00Z,1486.4000,1490.5800,1486.4000,1488.8000,0
2026-07-17T16:00:00Z,1488.7900,1490.2000,1488.4301,1489.8101,0
2026-07-17T16:30:00Z,1489.8600,1490.4301,1489.5699,1490.1600,0
2026-07-17T17:00:00Z,1490.1400,1490.6300,1488.8199,1489.7700,0
2026-07-17T17:30:00Z,1489.7700,1489.9500,1489.1000,1489.5300,0
2026-07-17T18:00:00Z,1489.5200,1490.0400,1488.8700,1489.0699,0
2026-07-17T18:30:00Z,1489.0400,1489.8700,1488.9500,1489.6899,0
2026-07-17T19:00:00Z,1489.7000,1490.0601,1489.3500,1489.9700,0
2026-07-17T19:30:00Z,1489.9800,1490.4700,1488.3101,1488.9500,0
2026-07-17T20:00:00Z,1488.7400,1489.0500,1487.4800,1487.5601,0
2026-07-17T20:30:00Z,1487.8000,1488.3199,1486.9100,1487.4600,0
2026-07-17T21:00:00Z,1487.4600,1487.4600,1487.4600,1487.4600,0
2026-07-19T23:00:00Z,1487.4100,1487.9800,1486.7900,1487.8199,0
2026-07-19T23:30:00Z,1487.8199,1488.5500,1487.0100,1488.0699,0
2026-07-20T00:00:00Z,1488.0601,1490.2800,1486.5800,1487.7800,0
2026-07-20T00:30:00Z,1487.9500,1488.2800,1485.9399,1486.5300,0
2026-07-20T01:00:00Z,1486.5300,1486.6700,1482.4800,1483.9600,0
2026-07-20T01:30:00Z,1483.9600,1484.4800,1482.1801,1482.5800,0
2026-07-20T02:00:00Z,1482.5800,1483.3000,1480.4800,1480.7800,0
2026-07-20T02:30:00Z,1480.7800,1482.7800,1480.1801,1482.4800,0
2026-07-20T03:00:00Z,1482.4800,1482.8300,1481.1801,1481.7800,0
2026-07-20T03:30:00Z,1481.6801,1482.4000,1480.9800,1481.2300,0
2026-07-20T04:00:00Z,1481.2800,1482.4000,1480.2800,1480.2800,0
2026-07-20T04:30:00Z,1480.3500,1480.4800,1478.5800,1479.1899,0
2026-07-20T05:00:00Z,1479.0800,1479.8800,1478.6801,1479.5601,0
2026-07-20T05:30:00Z,1479.4800,1479.6801,1478.1801,1478.9800,0
2026-07-20T06:00:00Z,1478.9800,1479.5800,1476.8800,1477.7800,0
2026-07-20T06:30:00Z,1478.0800,1479.6801,1476.8800,1479.5601,0
2026-07-20T07:00:00Z,1479.5500,1481.6801,1479.0800,1480.4800,0
2026-07-20T07:30:00Z,1480.3199,1480.7800,1479.0800,1480.7800,0
2026-07-20T08:00:00Z,1480.6300,1481.5300,1480.3800,1481.0000,0
2026-07-20T08:30:00Z,1480.9600,1481.6400,1480.6801,1481.3900,0
2026-07-20T09:00:00Z,1481.3900,1482.0300,1481.0800,1481.5800,0
2026-07-20T09:30:00Z,1481.4800,1481.9301,1481.0800,1481.5000,0
2026-07-20T10:00:00Z,1481.6801,1481.9000,1480.9800,1481.3800,0
2026-07-20T10:30:00Z,1481.4800,1481.7300,1480.2800,1480.8800,0
2026-07-20T11:00:00Z,1480.8800,1481.5800,1480.4800,1480.8000,0
2026-07-20T11:30:00Z,1480.6600,1480.8900,1478.1801,1480.3400,0
2026-07-20T12:00:00Z,1480.3101,1481.9301,1480.1801,1481.2000,0
2026-07-20T12:30:00Z,1481.2000,1482.0800,1481.2000,1481.8101,0
2026-07-20T13:00:00Z,1481.8300,1482.1801,1481.1801,1481.7300,0
2026-07-20T13:30:00Z,1481.7300,1481.9100,1479.6801,1480.2300,0
2026-07-20T14:00:00Z,1480.2000,1481.0200,1479.4600,1479.9800,0
2026-07-20T14:30:00Z,1479.7300,1480.3800,1479.1801,1479.7300,0
2026-07-20T15:00:00Z,1479.4301,1479.9800,1477.3800,1478.5800,0
2026-07-20T15:30:00Z,1477.4800,1479.0500,1477.4800,1477.9800,0
2026-07-20T16:00:00Z,1477.6801,1478.1100,1476.3800,1477.5500,0
2026-07-20T16:30:00Z,1477.5500,1478.4800,1476.3800,1476.9600,0
2026-07-20T17:00:00Z,1476.9600,1477.7500,1476.2800,1477.1200,0
2026-07-20T17:30:00Z,1477.0400,1477.6899,1476.1801,1476.2500,0
2026-07-20T18:00:00Z,1476.9200,1477.4200,1476.0900,1476.9900,0
2026-07-20T18:30:00Z,1476.3101,1477.3400,1476.1500,1476.1500,0
2026-07-20T19:00:00Z,1476.4301,1477.1100,1475.3900,1475.4700,0
2026-07-20T19:30:00Z,1475.7600,1476.6801,1475.3000,1475.9301,0
2026-07-20T20:00:00Z,1475.4200,1476.7800,1475.4100,1475.8800,0
2026-07-20T20:30:00Z,1476.3300,1477.0100,1474.6000,1475.4700,0
2026-07-20T21:00:00Z,1475.5300,1476.4700,1475.0000,1475.8600,0
2026-07-20T21:30:00Z,1475.6899,1475.9600,1475.3199,1475.4399,0
2026-07-20T22:00:00Z,1475.3500,1475.4399,1475.2500,1475.3000,0
2026-07-20T22:30:00Z,1475.3199,1476.0400,1475.1500,1475.6899,0
2026-07-20T23:00:00Z,1475.5900,1476.6300,1475.1801,1475.1801,0
2026-07-20T23:30:00Z,1475.1700,1477.3000,1475.1600,1475.3800,0
2026-07-21T00:00:00Z,1475.3400,1478.4800,1475.2800,1477.2300,0
2026-07-21T00:30:00Z,1477.1801,1479.7800,1476.9800,1479.4500,0
2026-07-21T01:00:00Z,1479.5800,1480.0800,1477.7800,1478.2800,0
2026-07-21T01:30:00Z,1477.9800,1479.8800,1477.5800,1479.5699,0
2026-07-21T02:00:00Z,1479.7100,1479.8800,1478.3800,1479.2100,0
2026-07-21T02:30:00Z,1479.1200,1479.4800,1475.1801,1475.3800,0
2026-07-21T03:00:00Z,1475.1801,1477.2800,1474.8800,1475.6300,0
2026-07-21T03:30:00Z,1475.2800,1481.5000,1471.8800,1474.7500,0
2026-07-21T04:00:00Z,1474.7700,1474.7700,1473.1801,1473.9800,0
2026-07-21T04:30:00Z,1474.0800,1475.2800,1473.6000,1474.3800,0
2026-07-21T05:00:00Z,1474.3800,1475.2800,1472.5800,1472.7800,0
2026-07-21T05:30:00Z,1472.7700,1473.2800,1471.9500,1472.5800,0
2026-07-21T06:00:00Z,1472.4800,1473.8800,1470.8800,1473.1801,0
2026-07-21T06:30:00Z,1471.7800,1474.8400,1471.6801,1474.5800,0
2026-07-21T07:00:00Z,1474.6899,1475.6801,1473.9800,1474.5800,0
2026-07-21T07:30:00Z,1474.6801,1476.4000,1474.6801,1475.6000,0
2026-07-21T08:00:00Z,1475.9800,1478.1801,1475.9800,1477.6200,0
2026-07-21T08:30:00Z,1477.6600,1478.2100,1475.6801,1475.9301,0
2026-07-21T09:00:00Z,1475.9301,1477.2800,1474.8800,1477.1801,0
2026-07-21T09:30:00Z,1477.4800,1477.5601,1475.8800,1477.0500,0
2026-07-21T10:00:00Z,1477.0699,1477.0699,1475.7800,1476.5200,0
2026-07-21T10:30:00Z,1476.2800,1477.2300,1476.2800,1477.0800,0
2026-07-21T11:00:00Z,1477.0800,1478.3199,1476.7800,1477.4700,0
2026-07-21T11:30:00Z,1477.4800,1478.1200,1476.9800,1477.9800,0
2026-07-21T12:00:00Z,1477.9800,1478.7700,1477.2800,1478.7300,0
2026-07-21T12:30:00Z,1478.5000,1479.3600,1478.1801,1478.3300,0
2026-07-21T13:00:00Z,1478.2200,1479.6899,1478.1801,1479.3400,0
2026-07-21T13:30:00Z,1479.3400,1481.0800,1479.2800,1480.3400,0
2026-07-21T14:00:00Z,1480.3101,1480.4500,1478.8800,1480.1400,0
2026-07-21T14:30:00Z,1480.1400,1481.6100,1479.4800,1480.5800,0
2026-07-21T15:00:00Z,1480.8900,1481.3500,1479.6801,1480.2800,0
2026-07-21T15:30:00Z,1480.4800,1480.5500,1478.8300,1479.7500,0
2026-07-21T16:00:00Z,1479.7500,1480.2800,1478.1801,1479.4000,0
2026-07-21T16:30:00Z,1479.3199,1479.5601,1477.6801,1479.3800,0
2026-07-21T17:00:00Z,1479.3800,1480.1600,1478.8800,1479.8500,0
2026-07-21T17:30:00Z,1480.0000,1480.8700,1479.4800,1480.4000,0
2026-07-21T18:00:00Z,1480.4700,1480.8000,1478.4301,1480.4600,0
2026-07-21T18:30:00Z,1480.4700,1481.6100,1479.6200,1480.3600,0
2026-07-21T19:00:00Z,1480.5601,1481.1100,1479.8400,1480.9700,0
2026-07-21T19:30:00Z,1480.8700,1481.3600,1480.6300,1480.9100,0
2026-07-21T20:00:00Z,1480.9100,1482.1400,1480.8600,1481.1600,0
2026-07-21T20:30:00Z,1481.7500,1482.5400,1480.7800,1480.7800,0
2026-07-21T21:00:00Z,1481.5900,1481.5900,1479.7900,1480.0900,0
2026-07-21T21:30:00Z,1480.1600,1481.5300,1479.5699,1480.2800,0
2026-07-21T22:00:00Z,1480.2200,1480.7500,1479.8800,1480.5699,0
2026-07-21T22:30:00Z,1480.5900,1480.6000,1479.4600,1480.0900,0
2026-07-21T23:00:00Z,1479.9000,1481.0000,1479.2100,1480.4700,0
2026-07-21T23:30:00Z,1480.4700,1481.6400,1479.7800,1480.5900,0
2026-07-22T00:00:00Z,1480.6000,1481.0800,1477.6801,1478.0800,0
2026-07-22T00:30:00Z,1477.9800,1480.3800,1477.9800,1479.7400,0
2026-07-22T01:00:00Z,1479.7400,1480.2100,1478.2800,1479.4800,0
2026-07-22T01:30:00Z,1479.3800,1480.2100,1479.3800,1479.6100,0
2026-07-22T02:00:00Z,1479.6100,1480.9800,1478.5800,1480.4800,0
2026-07-22T02:30:00Z,1480.4800,1481.1801,1478.7800,1481.1801,0
2026-07-22T03:00:00Z,1481.2800,1483.3900,1480.5800,1481.8800,0
2026-07-22T03:30:00Z,1481.8800,1484.1300,1476.3000,1483.8101,0
2026-07-22T04:00:00Z,1483.8300,1483.8400,1483.1000,1483.4000,0
2026-07-22T04:30:00Z,1482.4000,1482.4000,1482.4000,1482.4000,0
2026-07-22T05:00:00Z,1480.6000,1480.6000,1480.6000,1480.6000,0
2026-07-22T05:30:00Z,1480.8000,1480.8000,1480.8000,1480.8000,0
2026-07-22T06:00:00Z,1479.5000,1479.5000,1479.5000,1479.5000,0
2026-07-22T06:30:00Z,1478.8000,1478.8000,1478.8000,1478.8000,0
2026-07-22T07:00:00Z,1478.6000,1478.6000,1478.6000,1478.6000,0
2026-07-22T07:30:00Z,1478.2000,1478.2000,1478.2000,1478.2000,0
2026-07-22T08:00:00Z,1479.9000,1479.9000,1479.9000,1479.9000,0
2026-07-22T08:30:00Z,1479.7000,1479.7000,1479.7000,1479.7000,0
2026-07-22T09:00:00Z,1479.2000,1479.2000,1479.2000,1479.2000,0
2026-07-22T12:30:00Z,1479.9800,1480.7400,1479.2800,1480.1801,0
2026-07-22T13:00:00Z,1480.5300,1480.5300,1478.2800,1479.8700,0
2026-07-22T13:30:00Z,1479.7600,1479.7600,1477.5800,1478.3101,0
2026-07-22T14:00:00Z,1478.2600,1478.3400,1473.9800,1477.3199,0
2026-07-22T14:30:00Z,1477.3300,1477.6700,1475.6801,1476.3700,0
2026-07-22T15:00:00Z,1476.4000,1477.2500,1473.7800,1476.4000,0
2026-07-22T15:30:00Z,1476.2000,1477.4800,1474.9800,1476.5601,0
2026-07-22T16:00:00Z,1476.6100,1477.6300,1473.8800,1476.1000,0
2026-07-22T16:30:00Z,1476.2200,1477.1300,1473.8800,1476.9301,0
2026-07-22T17:00:00Z,1477.0100,1477.7000,1476.2800,1477.0200,0
2026-07-22T17:30:00Z,1476.9200,1477.6899,1476.4800,1477.4600,0
2026-07-22T18:00:00Z,1477.4600,1478.1000,1477.3300,1477.7500,0
2026-07-22T18:30:00Z,1477.7500,1477.8199,1476.8199,1477.5400,0
2026-07-22T19:00:00Z,1477.0400,1477.7400,1474.6000,1477.1100,0
2026-07-22T19:30:00Z,1477.2100,1477.6300,1476.5900,1476.8101,0
2026-07-22T20:00:00Z,1477.1000,1477.4200,1475.9800,1476.5800,0
2026-07-22T20:30:00Z,1476.4600,1477.5000,1476.4600,1477.0900,0
2026-07-22T21:00:00Z,1477.1000,1477.7100,1476.7600,1476.8000,0
2026-07-22T21:30:00Z,1476.7100,1477.2000,1476.4301,1476.5200,0
2026-07-22T22:00:00Z,1476.5500,1477.7200,1476.2300,1476.3700,0
2026-07-22T22:30:00Z,1476.3600,1477.5400,1476.0800,1476.2600,0
2026-07-22T23:00:00Z,1476.2600,1477.3900,1476.0800,1476.1899,0
2026-07-22T23:30:00Z,1476.2300,1477.7500,1476.1899,1476.5300,0
2026-07-23T00:00:00Z,1476.4301,1477.9200,1474.9800,1475.7800,0
2026-07-23T00:30:00Z,1475.6801,1475.9800,1471.5800,1471.6801,0
2026-07-23T01:00:00Z,1471.8300,1472.0800,1469.7800,1470.8800,0
2026-07-23T01:30:00Z,1471.3900,1471.3900,1466.6801,1467.3800,0
2026-07-23T02:00:00Z,1467.4800,1468.7800,1466.6801,1467.2800,0
2026-07-23T02:30:00Z,1467.3800,1467.8800,1464.8800,1464.9800,0
2026-07-23T03:00:00Z,1464.9800,1468.4700,1464.8800,1468.0800,0
2026-07-23T03:30:00Z,1467.9800,1468.0900,1466.0800,1466.8199,0
2026-07-23T04:00:00Z,1466.7000,1467.1200,1465.3800,1466.6801,0
2026-07-23T04:30:00Z,1466.6801,1467.5000,1466.4800,1467.2800,0
2026-07-23T05:00:00Z,1467.1500,1468.3800,1465.7800,1466.2400,0
2026-07-23T05:30:00Z,1466.2800,1467.7300,1465.5800,1467.3800,0
2026-07-23T06:00:00Z,1467.4800,1468.5800,1465.5800,1466.5800,0
2026-07-23T06:30:00Z,1466.4800,1470.1899,1465.6801,1469.1801,0
2026-07-23T07:00:00Z,1469.5800,1470.7000,1467.8800,1469.6700,0
2026-07-23T07:30:00Z,1469.2800,1471.3101,1468.7800,1468.8800,0
2026-07-23T08:00:00Z,1469.5601,1470.7400,1468.5800,1469.4800,0
2026-07-23T08:30:00Z,1469.7800,1471.8800,1469.4800,1470.5800,0
2026-07-23T09:00:00Z,1471.1801,1471.3500,1468.9800,1470.6100,0
2026-07-23T09:30:00Z,1470.4000,1470.5601,1467.7800,1469.0699,0
2026-07-23T10:00:00Z,1469.2400,1469.6500,1468.4800,1469.3700,0
2026-07-23T10:30:00Z,1469.2700,1469.9800,1468.1801,1469.2700,0
2026-07-23T11:00:00Z,1469.2800,1470.5699,1468.2800,1470.5000,0
2026-07-23T11:30:00Z,1470.3300,1472.4800,1469.1801,1471.9500,0
2026-07-23T12:00:00Z,1472.0100,1473.8400,1471.4800,1473.1500,0
2026-07-23T12:30:00Z,1473.1600,1474.3800,1472.8800,1473.9500,0
2026-07-23T13:00:00Z,1473.7800,1474.8101,1473.2800,1474.0900,0
2026-07-23T13:30:00Z,1474.0000,1474.0699,1470.6801,1473.3800,0
2026-07-23T14:00:00Z,1473.9000,1474.5300,1472.9800,1473.9500,0
2026-07-23T14:30:00Z,1473.9500,1474.3800,1472.9800,1473.6200,0
2026-07-23T15:00:00Z,1472.9800,1474.9000,1469.8800,1474.7800,0
2026-07-23T15:30:00Z,1474.7800,1475.7200,1474.1801,1474.9301,0
2026-07-23T16:00:00Z,1474.6801,1475.0601,1472.7700,1473.1801,0
2026-07-23T16:30:00Z,1474.4100,1474.4100,1472.8700,1473.9399,0
2026-07-23T17:00:00Z,1474.1100,1474.6300,1473.2800,1474.5500,0
2026-07-23T17:30:00Z,1474.5400,1475.4900,1474.4399,1474.9200,0
2026-07-23T18:00:00Z,1475.5400,1475.6100,1474.8700,1475.1600,0
2026-07-23T18:30:00Z,1475.1801,1475.7500,1474.7800,1475.1899,0
2026-07-23T19:00:00Z,1475.5601,1475.7700,1475.0500,1475.7100,0
2026-07-23T19:30:00Z,1475.7100,1475.8900,1474.7000,1474.7000,0
2026-07-23T20:00:00Z,1474.6300,1475.8300,1474.5800,1475.3700,0
2026-07-23T20:30:00Z,1475.3700,1476.7500,1474.8199,1474.8700,0
2026-07-23T21:00:00Z,1474.9000,1475.5699,1473.6899,1474.2000,0
2026-07-23T21:30:00Z,1474.1500,1474.1500,1474.1000,1474.1300,0
2026-07-23T22:00:00Z,1474.1300,1474.1400,1474.1100,1474.1100,0
2026-07-23T22:30:00Z,1474.1300,1475.5500,1474.1200,1474.5400,0
2026-07-23T23:00:00Z,1474.5300,1475.4700,1474.4500,1474.4900,0
2026-07-23T23:30:00Z,1474.4900,1475.9301,1474.2800,1474.7600,0
2026-07-24T00:00:00Z,1474.8800,1475.8800,1470.4800,1471.7800,0
2026-07-24T00:30:00Z,1471.8000,1472.1801,1467.3800,1467.3800,0
2026-07-24T01:00:00Z,1467.3800,1467.5400,1464.1801,1464.1801,0
2026-07-24T01:30:00Z,1464.4800,1465.8800,1464.2800,1464.2800,0
2026-07-24T02:00:00Z,1464.0000,1464.0000,1464.0000,1464.0000,0
2026-07-24T03:00:00Z,1464.2800,1465.0900,1463.7800,1464.8600,0
2026-07-24T03:30:00Z,1464.7800,1469.1000,1463.4800,1464.1801,0
2026-07-24T04:00:00Z,1463.9800,1467.5800,1462.5800,1466.2800,0
2026-07-24T04:30:00Z,1466.4399,1467.4800,1465.6801,1467.1300,0
2026-07-24T05:00:00Z,1466.8800,1467.1200,1463.0800,1463.7800,0
2026-07-24T05:30:00Z,1463.5800,1466.7400,1463.2800,1465.4800,0
2026-07-24T06:00:00Z,1465.4800,1466.5900,1464.6801,1465.5800,0
2026-07-24T06:30:00Z,1466.2800,1467.0100,1465.5800,1466.6400,0
2026-07-24T07:00:00Z,1466.6899,1466.6899,1463.3800,1464.5300,0
2026-07-24T07:30:00Z,1464.5601,1465.3101,1463.4800,1464.7700,0
2026-07-24T08:00:00Z,1464.5100,1464.5800,1462.5800,1463.5000,0
2026-07-24T08:30:00Z,1463.5300,1463.6801,1461.8800,1463.4700,0
2026-07-24T09:00:00Z,1463.2800,1463.9399,1461.7800,1462.3800,0
2026-07-24T09:30:00Z,1462.3800,1462.8700,1461.7800,1462.0100,0
2026-07-24T10:00:00Z,1461.8800,1462.2500,1459.3800,1460.5601,0
2026-07-24T10:30:00Z,1460.4500,1461.1600,1459.6801,1460.8800,0
2026-07-24T11:00:00Z,1460.8900,1461.1801,1459.6801,1460.5699,0
2026-07-24T11:30:00Z,1460.6000,1461.9800,1460.0800,1460.5500,0
2026-07-24T12:00:00Z,1460.5900,1462.0300,1460.1801,1461.7700,0
2026-07-24T12:30:00Z,1461.6700,1462.9000,1461.6200,1462.5601,0
2026-07-24T13:00:00Z,1462.2000,1463.1801,1462.1801,1462.3900,0
2026-07-24T13:30:00Z,1462.3900,1462.6600,1460.9800,1462.2900,0
2026-07-24T14:00:00Z,1461.9800,1462.0300,1460.7600,1461.7200,0
2026-07-24T14:30:00Z,1461.4800,1461.9100,1458.8800,1460.4100,0
2026-07-24T15:00:00Z,1460.4500,1460.9200,1458.7800,1459.9700,0
2026-07-24T15:30:00Z,1460.0400,1461.4100,1459.9100,1460.4800,0
2026-07-24T16:00:00Z,1460.4800,1461.4000,1460.2800,1461.3500,0
2026-07-24T16:30:00Z,1461.1899,1461.3600,1458.5800,1460.9200,0
2026-07-24T17:00:00Z,1460.9301,1460.9301,1458.4800,1460.0900,0
2026-07-24T17:30:00Z,1460.1100,1460.8000,1458.4800,1459.6000,0
2026-07-24T18:00:00Z,1459.4800,1460.6801,1458.5800,1460.5900,0
2026-07-24T18:30:00Z,1460.1600,1461.0100,1460.0000,1460.6000,0
2026-07-24T19:00:00Z,1460.6899,1461.1100,1460.3600,1460.6500,0
2026-07-24T19:30:00Z,1460.6300,1460.9600,1459.9600,1460.5300,0
2026-07-24T20:00:00Z,1460.4700,1460.5601,1459.7000,1460.5601,0
2026-07-24T20:30:00Z,1460.4399,1460.4399,1458.5800,1459.4200,0
2026-07-24T21:30:00Z,1459.4200,1459.4200,1459.4200,1459.4200,0
2026-07-27T00:00:00Z,1458.1801,1461.3800,1457.2800,1460.5800,0
2026-07-27T00:30:00Z,1460.4800,1465.6801,1460.0800,1464.8800,0
2026-07-27T01:00:00Z,1464.8800,1465.0699,1462.8800,1464.5500,0
2026-07-27T01:30:00Z,1464.6801,1466.7800,1463.4500,1464.6000,0
2026-07-27T02:00:00Z,1466.2800,1468.3600,1464.3300,1466.5800,0
2026-07-27T02:30:00Z,1466.7900,1467.2800,1464.2000,1465.1801,0
2026-07-27T03:00:00Z,1466.1600,1466.9800,1464.0300,1466.6801,0
2026-07-27T03:30:00Z,1466.7800,1467.2800,1462.1000,1466.0300,0
2026-07-27T04:00:00Z,1465.7800,1467.2800,1464.5000,1466.7800,0
2026-07-27T04:30:00Z,1466.8101,1467.8101,1464.3300,1466.8800,0
2026-07-27T05:00:00Z,1467.0800,1467.4500,1464.7800,1465.9800,0
2026-07-27T05:30:00Z,1466.4600,1467.3800,1464.6000,1466.4200,0
2026-07-27T06:00:00Z,1466.4100,1468.0699,1464.0601,1467.9800,0
2026-07-27T06:30:00Z,1468.2800,1469.6700,1467.5800,1469.2200,0
2026-07-27T07:00:00Z,1468.9399,1469.5800,1466.8800,1466.8800,0
2026-07-27T07:30:00Z,1467.3800,1469.5300,1466.5800,1469.4700,0
2026-07-27T08:00:00Z,1469.4700,1472.1801,1468.5800,1470.7900,0
2026-07-27T08:30:00Z,1470.3800,1471.0000,1466.7800,1469.2200,0
2026-07-27T09:00:00Z,1469.2600,1469.6200,1466.7800,1468.6801,0
2026-07-27T09:30:00Z,1468.6801,1469.0800,1466.7800,1468.8800,0
2026-07-27T10:00:00Z,1468.8800,1469.3400,1466.7800,1468.6600,0
2026-07-27T10:30:00Z,1468.7400,1470.1600,1466.7800,1469.8800,0
2026-07-27T11:00:00Z,1466.9800,1470.4800,1466.7800,1469.4200,0
2026-07-27T11:30:00Z,1469.7300,1470.4100,1466.7800,1470.1000,0
2026-07-27T12:00:00Z,1469.9800,1470.8800,1469.0800,1470.2000,0
2026-07-27T12:30:00Z,1470.2200,1471.1000,1469.2800,1470.2600,0
2026-07-27T13:00:00Z,1470.3400,1470.7200,1469.3800,1470.4700,0
2026-07-27T13:30:00Z,1470.5300,1470.7800,1469.3800,1470.2200,0
2026-07-27T14:00:00Z,1470.2600,1470.6700,1469.0800,1469.9800,0
2026-07-27T14:30:00Z,1469.1700,1469.7400,1466.7800,1467.9301,0
2026-07-27T15:00:00Z,1468.0300,1468.9100,1466.7800,1468.1100,0
2026-07-27T15:30:00Z,1468.0000,1468.0900,1466.7800,1467.5900,0
2026-07-27T16:00:00Z,1466.7800,1467.9500,1464.7800,1465.4600,0
2026-07-27T16:30:00Z,1465.4900,1465.6500,1464.6500,1465.3500,0
2026-07-27T17:00:00Z,1465.3199,1465.7800,1464.7800,1465.1700,0
2026-07-27T17:30:00Z,1465.2000,1466.3600,1463.9600,1465.9000,0
2026-07-27T18:00:00Z,1465.4100,1467.3600,1464.7800,1466.2600,0
2026-07-27T18:30:00Z,1466.0200,1468.5400,1464.7800,1466.7600,0
2026-07-27T19:00:00Z,1467.1400,1467.8800,1464.7800,1467.8500,0
2026-07-27T19:30:00Z,1466.4700,1467.3500,1464.6100,1464.7900,0
2026-07-27T20:00:00Z,1464.7800,1467.0400,1464.1300,1465.7900,0
2026-07-27T22:00:00Z,1464.7800,1465.2500,1464.6500,1464.9600,0
2026-07-27T22:30:00Z,1464.8900,1465.5800,1464.8700,1464.9600,0
2026-07-27T23:00:00Z,1464.9301,1465.9800,1464.8900,1465.2300,0
2026-07-27T23:30:00Z,1465.1801,1466.1400,1465.1600,1465.2200,0
2026-07-28T00:00:00Z,1465.2200,1471.8800,1465.2200,1468.7800,0
2026-07-28T00:30:00Z,1468.9800,1469.5800,1468.2800,1469.2800,0
2026-07-28T01:00:00Z,1469.2800,1470.7800,1468.6801,1469.9301,0
2026-07-28T01:30:00Z,1470.0400,1470.2800,1469.1801,1469.6801,0
2026-07-28T02:00:00Z,1469.6000,1470.1801,1465.0800,1465.7800,0
2026-07-28T02:30:00Z,1465.7800,1466.3800,1461.9800,1464.6801,0
2026-07-28T03:00:00Z,1464.8300,1465.4800,1462.7800,1463.1500,0
2026-07-28T03:30:00Z,1463.1700,1468.3000,1462.1801,1464.7100,0
2026-07-28T04:00:00Z,1464.7800,1465.3800,1464.4800,1464.9000,0
2026-07-28T04:30:00Z,1465.0100,1465.2200,1464.6801,1465.0601,0
2026-07-28T05:00:00Z,1465.0699,1465.0800,1461.8800,1462.1801,0
2026-07-28T05:30:00Z,1462.1801,1463.9700,1461.3800,1462.7800,0
2026-07-28T06:00:00Z,1462.6801,1463.5100,1461.0800,1461.8800,0
2026-07-28T06:30:00Z,1461.9800,1462.6801,1458.9800,1459.9800,0
2026-07-28T07:00:00Z,1459.8800,1461.7700,1459.1801,1460.0300,0
2026-07-28T07:30:00Z,1460.0400,1460.6200,1458.9800,1459.6600,0
2026-07-28T08:00:00Z,1459.6700,1461.0800,1459.1801,1460.4000,0
2026-07-28T08:30:00Z,1460.6500,1461.6500,1459.9800,1461.2800,0
2026-07-28T09:00:00Z,1461.2800,1461.7400,1459.6801,1461.3800,0
2026-07-28T09:30:00Z,1461.3800,1461.6400,1458.9800,1460.6500,0
2026-07-28T10:00:00Z,1460.6500,1461.1700,1459.8800,1460.4600,0
2026-07-28T10:30:00Z,1460.4600,1460.5500,1458.7800,1459.4800,0
2026-07-28T11:00:00Z,1459.2800,1459.7800,1456.7800,1459.4200,0
2026-07-28T11:30:00Z,1459.4301,1459.6899,1456.8800,1458.8800,0
2026-07-28T12:00:00Z,1459.0800,1459.7400,1456.8800,1459.6000,0
2026-07-28T12:30:00Z,1459.6200,1459.7800,1456.7800,1458.1801,0
2026-07-28T13:00:00Z,1458.1801,1459.4000,1456.7800,1459.2300,0
2026-07-28T13:30:00Z,1459.2600,1460.6500,1456.7800,1459.5800,0
2026-07-28T14:00:00Z,1459.9301,1459.9500,1454.7800,1456.4500,0
2026-07-28T14:30:00Z,1456.4500,1456.5800,1452.7800,1455.1801,0
2026-07-28T15:00:00Z,1454.5800,1456.0400,1452.7800,1454.7100,0
2026-07-28T15:30:00Z,1454.7200,1454.7300,1451.9800,1453.4600,0
2026-07-28T16:00:00Z,1453.2400,1453.4100,1449.7800,1452.0601,0
2026-07-28T16:30:00Z,1452.1600,1455.2500,1449.7800,1454.1200,0
2026-07-28T17:00:00Z,1454.1200,1454.8199,1452.4800,1453.9200,0
2026-07-28T17:30:00Z,1453.6500,1454.6200,1451.2800,1453.0400,0
2026-07-28T18:00:00Z,1452.8000,1453.3199,1452.4399,1452.6300,0
2026-07-28T18:30:00Z,1452.6300,1455.3900,1452.1200,1454.2000,0
2026-07-28T19:00:00Z,1454.2300,1454.5200,1452.5601,1453.8101,0
2026-07-28T19:30:00Z,1453.5100,1453.9900,1453.3101,1453.6100,0
2026-07-28T20:00:00Z,1453.6100,1453.7700,1453.0300,1453.2300,0
2026-07-28T20:30:00Z,1453.2300,1453.4200,1451.4000,1452.7100,0
2026-07-28T21:00:00Z,1452.6700,1453.8800,1451.9200,1453.5699,0
2026-07-28T21:30:00Z,1453.5699,1453.9301,1453.4399,1453.7200,0
2026-07-28T22:00:00Z,1453.5601,1454.1500,1453.4399,1453.9200,0
2026-07-28T22:30:00Z,1453.9399,1454.5900,1453.5900,1453.7500,0
2026-07-28T23:00:00Z,1453.7300,1454.4200,1452.8101,1453.3199,0
2026-07-28T23:30:00Z,1453.3600,1454.6200,1452.7800,1454.0400,0
2026-07-29T00:00:00Z,1453.9200,1457.4800,1452.7800,1455.7800,0
2026-07-29T00:30:00Z,1455.9800,1456.2800,1454.0800,1454.9800,0
2026-07-29T01:00:00Z,1454.8800,1455.4800,1452.5800,1454.9000,0
2026-07-29T01:30:00Z,1454.8800,1455.7800,1454.1801,1454.5601,0
2026-07-29T02:00:00Z,1454.2800,1454.8800,1451.8800,1452.2300,0
2026-07-29T02:30:00Z,1452.4800,1452.5900,1450.7800,1451.2800,0
2026-07-29T03:00:00Z,1451.3800,1452.7800,1451.0800,1451.6801,0
2026-07-29T03:30:00Z,1451.6801,1452.2800,1451.1801,1452.1500,0
2026-07-29T04:00:00Z,1452.1300,1452.2800,1445.3600,1445.6300,0
2026-07-29T04:30:00Z,1445.2800,1445.9800,1442.3800,1443.8800,0
2026-07-29T05:00:00Z,1443.7800,1446.0800,1443.2700,1446.0800,0
2026-07-29T05:30:00Z,1446.0800,1448.7800,1445.5800,1448.4800,0
2026-07-29T06:00:00Z,1448.7800,1449.1801,1446.3800,1446.3800,0
2026-07-29T06:30:00Z,1446.4800,1448.3101,1446.2800,1448.3101,0
2026-07-29T07:00:00Z,1447.9700,1448.3400,1446.2800,1447.3000,0
2026-07-29T07:30:00Z,1447.4700,1449.1100,1446.1801,1448.9100,0
2026-07-29T08:00:00Z,1448.8300,1450.6100,1447.3800,1450.3700,0
2026-07-29T08:30:00Z,1450.4800,1450.9900,1449.2800,1450.2800,0
2026-07-29T09:00:00Z,1450.3800,1451.5300,1449.7800,1450.8300,0
2026-07-29T09:30:00Z,1450.7800,1451.2800,1448.3800,1450.4100,0
2026-07-29T10:00:00Z,1450.5300,1450.7000,1449.2800,1450.2200,0
2026-07-29T10:30:00Z,1450.1000,1452.0601,1449.8800,1451.2700,0
2026-07-29T11:00:00Z,1451.3199,1452.1801,1450.8800,1451.9800,0
2026-07-29T11:30:00Z,1451.8800,1452.4500,1449.8800,1452.1600,0
2026-07-29T12:00:00Z,1452.1700,1453.3900,1449.8800,1452.4800,0
2026-07-29T12:30:00Z,1452.6600,1453.5800,1451.9800,1452.7800,0
2026-07-29T13:00:00Z,1453.1400,1453.4800,1451.9800,1452.3800,0
2026-07-29T13:30:00Z,1452.4100,1452.7400,1449.8800,1451.5900,0
2026-07-29T14:00:00Z,1451.6300,1451.9700,1450.6801,1451.3500,0
2026-07-29T14:30:00Z,1451.2800,1452.2900,1450.9800,1452.0800,0
2026-07-29T16:30:00Z,1448.6801,1450.3500,1447.7800,1449.2500,0
2026-07-29T17:00:00Z,1449.2400,1449.6400,1445.9800,1448.3800,0
2026-07-29T17:30:00Z,1448.4700,1449.7000,1446.7200,1447.1200,0
2026-07-29T18:00:00Z,1447.2000,1448.9200,1442.8199,1444.6100,0
2026-07-29T18:30:00Z,1444.5200,1446.3600,1440.2100,1440.3000,0
2026-07-29T19:00:00Z,1440.3000,1443.6899,1438.9800,1442.0200,0
2026-07-29T19:30:00Z,1442.1000,1444.6400,1442.0400,1444.6000,0
2026-07-29T20:00:00Z,1444.5400,1447.3000,1441.7900,1442.6300,0
2026-07-29T20:30:00Z,1442.0699,1447.6100,1441.3300,1442.5000,0
2026-07-29T21:00:00Z,1443.0800,1443.8199,1442.5699,1443.6400,0
2026-07-29T21:30:00Z,1443.6400,1443.8700,1442.8800,1443.2600,0
2026-07-29T22:00:00Z,1443.0900,1444.0200,1442.8400,1443.5200,0
2026-07-29T22:30:00Z,1443.7900,1444.1801,1443.2100,1443.9700,0
2026-07-29T23:00:00Z,1444.0400,1444.1700,1442.8900,1443.9700,0
2026-07-29T23:30:00Z,1444.0300,1444.2900,1441.7800,1443.4800,0
2026-07-30T00:00:00Z,1443.5000,1443.5800,1435.4800,1439.0800,0
2026-07-30T00:30:00Z,1438.8800,1442.1801,1438.7800,1441.9900,0
2026-07-30T01:00:00Z,1442.0100,1443.4800,1441.2800,1442.8101,0
2026-07-30T01:30:00Z,1442.8199,1447.4301,1442.4800,1446.9800,0
2026-07-30T02:00:00Z,1446.8800,1447.4800,1443.9800,1444.9800,0
2026-07-30T02:30:00Z,1444.9800,1445.0000,1443.4600,1444.4000,0
2026-07-30T03:00:00Z,1444.4800,1446.1801,1443.1801,1443.2800,0
2026-07-30T03:30:00Z,1443.1801,1443.6801,1441.9301,1441.9301,0
2026-07-30T04:00:00Z,1441.9900,1442.6200,1439.1801,1439.3300,0
2026-07-30T04:30:00Z,1439.3800,1440.5800,1438.1600,1440.0800,0
2026-07-30T05:00:00Z,1439.9800,1440.2800,1437.4800,1438.9800,0
2026-07-30T05:30:00Z,1438.9100,1439.0100,1436.8800,1439.0100,0
2026-07-30T06:00:00Z,1438.8800,1439.8700,1436.5800,1437.1801,0
2026-07-30T06:30:00Z,1437.1801,1438.0800,1435.3800,1436.2200,0
2026-07-30T07:00:00Z,1436.3300,1437.2800,1434.3800,1437.0800,0
2026-07-30T07:30:00Z,1436.9800,1439.9600,1436.9800,1439.5500,0
2026-07-30T08:00:00Z,1439.5601,1439.5601,1437.0800,1437.5400,0
2026-07-30T08:30:00Z,1437.5300,1438.9800,1437.1801,1438.1801,0
2026-07-30T09:00:00Z,1438.3800,1438.5100,1435.9800,1436.6500,0
2026-07-30T09:30:00Z,1436.8300,1437.0200,1434.4800,1435.2800,0
2026-07-30T10:00:00Z,1435.1801,1436.9100,1433.9800,1434.3700,0
2026-07-30T10:30:00Z,1433.8800,1434.3500,1431.2800,1434.2300,0
2026-07-30T11:00:00Z,1434.0800,1434.1300,1431.1801,1433.6000,0
2026-07-30T11:30:00Z,1433.4800,1434.5800,1431.1801,1433.8700,0
2026-07-30T12:00:00Z,1433.9200,1434.3500,1431.1801,1434.1899,0
2026-07-30T12:30:00Z,1434.1500,1434.6100,1433.2800,1434.0500,0
2026-07-30T13:00:00Z,1434.1801,1434.3500,1431.2800,1431.3900,0
2026-07-30T13:30:00Z,1431.6400,1431.6400,1417.7800,1419.6801,0
2026-07-30T14:00:00Z,1419.5800,1426.6801,1418.2800,1426.2800,0
2026-07-30T14:30:00Z,1426.3800,1430.3800,1425.2800,1428.8800,0
2026-07-30T15:00:00Z,1428.8800,1429.7800,1427.4800,1428.0100,0
2026-07-30T15:30:00Z,1428.0100,1428.7100,1423.1801,1423.9399,0
2026-07-30T16:00:00Z,1424.0300,1424.4800,1420.2800,1422.0200,0
2026-07-30T16:30:00Z,1422.0699,1425.6899,1421.0800,1422.9200,0
2026-07-30T17:00:00Z,1422.9200,1424.8700,1420.8800,1424.1801,0
2026-07-30T17:30:00Z,1424.2000,1424.4100,1419.8800,1420.9900,0
2026-07-30T18:00:00Z,1421.0200,1421.8500,1419.8500,1420.8101,0
2026-07-30T18:30:00Z,1420.8101,1421.8000,1420.2600,1420.6300,0
2026-07-30T19:00:00Z,1420.5100,1421.5601,1420.0400,1420.7200,0
2026-07-30T19:30:00Z,1420.7200,1421.8101,1419.2700,1420.8400,0
2026-07-30T20:00:00Z,1420.8400,1421.3101,1420.6700,1421.0699,0
2026-07-30T20:30:00Z,1420.9399,1424.0500,1419.8800,1422.5800,0
2026-07-30T21:00:00Z,1423.1000,1423.1801,1421.5900,1421.8300,0
2026-07-30T21:30:00Z,1421.8500,1422.6500,1421.2700,1422.3101,0
2026-07-30T22:00:00Z,1422.3500,1423.1600,1421.4399,1421.4800,0
2026-07-30T22:30:00Z,1421.4399,1421.6200,1421.1300,1421.1600,0
2026-07-30T23:00:00Z,1421.1801,1422.5500,1421.0699,1421.6100,0
2026-07-30T23:30:00Z,1421.5601,1422.4200,1421.0000,1421.4500,0
2026-07-31T00:00:00Z,1421.4301,1428.7800,1421.4301,1426.6801,0
2026-07-31T00:30:00Z,1426.9800,1434.1801,1426.6801,1432.9800,0
2026-07-31T01:00:00Z,1433.0800,1435.2800,1431.9800,1434.7200,0
2026-07-31T01:30:00Z,1434.6801,1435.7800,1433.7800,1434.9600,0
2026-07-31T02:00:00Z,1434.9600,1435.1801,1431.2800,1432.9800,0
2026-07-31T02:30:00Z,1433.0800,1438.6801,1432.3800,1438.3800,0
2026-07-31T03:00:00Z,1438.0500,1438.6801,1436.3800,1437.5500,0
2026-07-31T03:30:00Z,1437.4700,1437.6100,1434.9800,1435.3800,0
2026-07-31T04:00:00Z,1435.4800,1439.3000,1435.3000,1439.3000,0
2026-07-31T04:30:00Z,1438.8000,1438.8000,1438.8000,1438.8000,0
2026-07-31T05:00:00Z,1435.7000,1435.7000,1435.7000,1435.7000,0
2026-07-31T06:00:00Z,1436.7000,1436.7000,1436.7000,1436.7000,0
2026-07-31T06:30:00Z,1428.6000,1428.6000,1428.6000,1428.6000,0
2026-07-31T07:00:00Z,1429.8000,1429.8000,1429.8000,1429.8000,0
2026-07-31T07:30:00Z,1432.5000,1432.5000,1431.4000,1431.4000,0
2026-07-31T08:00:00Z,1430.2000,1430.2000,1430.2000,1430.2000,0
2026-07-31T08:30:00Z,1432.0000,1432.0000,1432.0000,1432.0000,0
2026-07-31T09:00:00Z,1431.4000,1431.4000,1431.4000,1431.4000,0
2026-07-31T09:30:00Z,1437.0000,1437.0000,1437.0000,1437.0000,0
2026-07-31T10:00:00Z,1436.6000,1436.6000,1436.6000,1436.6000,0
2026-07-31T13:00:00Z,1443.5800,1444.5400,1438.1801,1438.7900,0
2026-07-31T13:30:00Z,1438.1801,1440.3800,1435.7800,1438.8800,0
2026-07-31T14:00:00Z,1439.0800,1439.9600,1436.6801,1438.3800,0
2026-07-31T14:30:00Z,1438.6600,1438.7100,1436.0800,1437.9900,0
2026-07-31T15:00:00Z,1438.2600,1438.2600,1435.4900,1436.9200,0
2026-07-31T15:30:00Z,1437.0900,1437.7600,1435.6400,1436.7800,0
2026-07-31T16:00:00Z,1436.7800,1438.9600,1436.6801,1437.5900,0
2026-07-31T16:30:00Z,1437.5601,1438.7700,1436.7800,1438.2800,0
2026-07-31T17:00:00Z,1438.2700,1439.4399,1436.6801,1437.9500,0
2026-07-31T17:30:00Z,1437.9800,1440.4100,1436.7100,1439.7900,0
2026-07-31T18:00:00Z,1439.7900,1443.0100,1439.6801,1442.5400,0
2026-07-31T18:30:00Z,1442.7400,1443.9600,1440.4800,1443.0900,0
2026-07-31T19:00:00Z,1443.0900,1443.2700,1441.8800,1442.7200,0
2026-07-31T19:30:00Z,1442.7200,1443.2900,1442.2000,1442.6801,0
2026-07-31T20:00:00Z,1442.6801,1442.7700,1441.5601,1442.4200,0
2026-07-31T20:30:00Z,1442.3700,1443.2800,1438.6600,1442.0699,0
2026-08-02T23:00:00Z,1437.3199,1439.6500,1437.1200,1439.6400,0
2026-08-02T23:30:00Z,1439.6400,1439.7400,1437.5699,1438.2600,0
2026-08-03T01:00:00Z,1429.3800,1430.0800,1429.3800,1429.5800,0
2026-08-03T01:30:00Z,1429.6801,1431.2800,1427.9800,1428.2800,0
2026-08-03T02:00:00Z,1428.0800,1429.7800,1426.7800,1427.5800,0
2026-08-03T02:30:00Z,1427.5601,1430.3800,1425.9800,1430.3800,0
2026-08-03T03:00:00Z,1430.0800,1431.9800,1428.9800,1431.5300,0
2026-08-03T03:30:00Z,1431.5100,1436.6000,1428.9800,1429.2000,0
2026-08-03T04:00:00Z,1429.3500,1430.9800,1428.0800,1430.4600,0
2026-08-03T04:30:00Z,1430.5300,1430.5500,1428.1801,1428.6801,0
2026-08-03T05:00:00Z,1428.6801,1430.7600,1428.5800,1429.4800,0
2026-08-03T05:30:00Z,1429.2800,1430.0000,1425.9800,1426.2400,0
2026-08-03T06:00:00Z,1425.8800,1429.9800,1424.7800,1429.9800,0
2026-08-03T06:30:00Z,1429.4800,1432.0800,1428.8800,1430.2900,0
2026-08-03T07:00:00Z,1430.2000,1431.1400,1428.5800,1430.3800,0
2026-08-03T07:30:00Z,1430.2800,1430.5800,1427.5800,1428.0800,0
2026-08-03T08:00:00Z,1428.1801,1430.0800,1426.7800,1429.2800,0
2026-08-03T08:30:00Z,1429.2100,1431.2800,1427.8800,1431.2800,0
2026-08-03T09:00:00Z,1431.2300,1431.4600,1429.7800,1430.1801,0
2026-08-03T09:30:00Z,1430.1801,1430.5800,1427.4800,1428.8400,0
2026-08-03T10:00:00Z,1428.8101,1429.0800,1426.8800,1427.5500,0
2026-08-03T10:30:00Z,1427.3800,1428.1000,1425.9800,1426.6801,0
2026-08-03T11:00:00Z,1427.2100,1427.9800,1426.4800,1427.7500,0
2026-08-03T11:30:00Z,1427.7400,1428.1000,1425.6801,1426.6300,0
2026-08-03T12:00:00Z,1426.5000,1427.2500,1425.7800,1426.9399,0
2026-08-03T12:30:00Z,1426.8700,1427.6899,1426.3800,1427.6899,0
2026-08-03T13:00:00Z,1427.6801,1428.6700,1426.9800,1427.8800,0
2026-08-03T13:30:00Z,1427.7800,1428.1600,1425.9800,1427.0500,0
2026-08-03T14:00:00Z,1427.0800,1428.5800,1426.0800,1427.8500,0
2026-08-03T14:30:00Z,1427.8400,1428.9500,1426.9800,1428.8500,0
2026-08-03T15:00:00Z,1428.8199,1432.7900,1428.4800,1431.3199,0
2026-08-03T15:30:00Z,1431.0800,1431.5500,1429.5800,1430.6700,0
2026-08-03T16:00:00Z,1430.6600,1430.6600,1428.3800,1430.1899,0
2026-08-03T16:30:00Z,1430.0400,1430.4700,1428.3800,1430.4399,0
2026-08-03T17:00:00Z,1430.4399,1430.8101,1428.4800,1430.5000,0
2026-08-03T17:30:00Z,1430.3199,1431.3600,1428.5800,1430.3900,0
2026-08-03T18:00:00Z,1430.3900,1431.2900,1428.4800,1429.1600,0
2026-08-03T18:30:00Z,1429.1700,1429.6600,1427.2700,1427.2700,0
2026-08-03T19:00:00Z,1428.2400,1429.8500,1428.2400,1429.0699,0
2026-08-03T19:30:00Z,1429.2600,1430.2200,1428.6600,1429.1300,0
2026-08-03T20:00:00Z,1429.1300,1429.3900,1428.7100,1429.1500,0
2026-08-03T20:30:00Z,1429.1600,1429.9399,1428.5601,1428.9700,0
2026-08-03T21:00:00Z,1428.9700,1429.3199,1428.3500,1428.7800,0
2026-08-03T21:30:00Z,1428.7800,1428.8400,1428.7400,1428.7400,0
2026-08-03T22:00:00Z,1428.7300,1428.9200,1428.6500,1428.7700,0
2026-08-03T22:30:00Z,1428.7800,1429.0400,1428.7200,1428.9100,0
2026-08-03T23:00:00Z,1428.9100,1429.6899,1428.9100,1429.1899,0
2026-08-03T23:30:00Z,1429.2600,1429.8900,1429.0200,1429.2500,0
2026-08-04T00:00:00Z,1429.2500,1433.3800,1429.2500,1430.3800,0
2026-08-04T00:30:00Z,1430.3800,1430.4800,1422.3800,1422.4800,0
2026-08-04T01:00:00Z,1422.4800,1424.7800,1421.4800,1424.0800,0
2026-08-04T01:30:00Z,1424.3800,1424.7800,1423.2800,1424.4700,0
2026-08-04T02:00:00Z,1424.4800,1425.2800,1420.6801,1424.8700,0
2026-08-04T02:30:00Z,1424.6801,1429.1801,1423.8800,1428.6801,0
2026-08-04T03:00:00Z,1428.7800,1428.7800,1426.8800,1428.0000,0
2026-08-04T03:30:00Z,1428.1000,1430.1801,1427.7800,1428.9800,0
2026-08-04T04:00:00Z,1428.9800,1432.6100,1428.8800,1430.9000,0
2026-08-04T04:30:00Z,1430.8199,1431.5800,1429.0800,1429.1801,0
2026-08-04T05:00:00Z,1429.2800,1430.1801,1427.2800,1427.6801,0
2026-08-04T05:30:00Z,1427.8800,1431.8800,1427.2800,1431.8800,0
2026-08-04T06:00:00Z,1431.5800,1432.1801,1429.3800,1431.8800,0
2026-08-04T06:30:00Z,1431.9800,1436.3800,1430.9800,1432.6801,0
2026-08-04T07:00:00Z,1432.6801,1432.7800,1430.5800,1431.2900,0
2026-08-04T07:30:00Z,1431.2900,1433.9700,1430.8800,1432.7900,0
2026-08-04T08:00:00Z,1432.9399,1433.0000,1430.8800,1431.6400,0
2026-08-04T08:30:00Z,1431.6700,1433.7100,1430.8800,1432.7800,0
2026-08-04T09:00:00Z,1432.7800,1434.1000,1431.2800,1433.4700,0
2026-08-04T09:30:00Z,1433.3800,1433.6899,1431.3800,1431.6801,0
2026-08-04T10:00:00Z,1431.8800,1432.3400,1430.5900,1431.6600,0
2026-08-04T10:30:00Z,1431.5500,1431.5601,1429.4500,1429.7800,0
2026-08-04T11:00:00Z,1429.7800,1430.4100,1427.9200,1428.6700,0
2026-08-04T11:30:00Z,1428.6899,1428.7200,1423.7800,1426.1801,0
2026-08-04T12:00:00Z,1426.2300,1427.1300,1425.7800,1427.0500,0
2026-08-04T12:30:00Z,1427.0800,1427.6200,1426.4800,1427.3800,0
2026-08-04T13:00:00Z,1427.4100,1428.0000,1425.7800,1426.7900,0
2026-08-04T13:30:00Z,1426.6500,1426.6500,1424.8800,1425.5800,0
2026-08-04T14:00:00Z,1425.9500,1426.0300,1423.8800,1425.4900,0
2026-08-04T14:30:00Z,1425.6500,1427.3300,1424.8800,1426.1801,0
2026-08-04T15:30:00Z,1425.9800,1427.7600,1423.7800,1427.5300,0
2026-08-04T16:00:00Z,1427.4600,1427.8500,1426.6801,1427.6600,0
2026-08-04T16:30:00Z,1427.6899,1430.2700,1427.2800,1427.9399,0
2026-08-04T17:00:00Z,1427.9399,1428.6899,1427.0800,1428.2400,0
2026-08-04T17:30:00Z,1428.4700,1430.3800,1424.8800,1427.3900,0
2026-08-04T18:00:00Z,1427.6400,1430.6500,1427.2900,1428.9100,0
2026-08-04T18:30:00Z,1428.9600,1429.0699,1428.0400,1428.3800,0
2026-08-04T19:00:00Z,1428.3400,1429.6700,1427.7000,1428.4700,0
2026-08-04T19:30:00Z,1428.4700,1431.3300,1428.1600,1429.1300,0
2026-08-04T20:00:00Z,1429.0699,1431.6700,1428.6801,1429.0200,0
2026-08-04T20:30:00Z,1429.0601,1431.0200,1428.8101,1428.8199,0
2026-08-04T21:00:00Z,1428.8199,1429.5601,1427.9600,1429.4100,0
2026-08-04T21:30:00Z,1429.4200,1429.4200,1429.1801,1429.2600,0
2026-08-04T22:00:00Z,1429.2800,1429.8101,1428.7100,1429.4500,0
2026-08-04T22:30:00Z,1429.4500,1429.4500,1429.2900,1429.4301,0
2026-08-04T23:00:00Z,1429.4600,1429.6500,1428.8600,1429.6500,0
2026-08-04T23:30:00Z,1429.6500,1429.8101,1429.0100,1429.4301,0
2026-08-05T00:00:00Z,1429.4301,1431.2800,1426.5800,1427.8400,0
2026-08-05T00:30:00Z,1427.8500,1427.9800,1422.0800,1424.4800,0
2026-08-05T01:00:00Z,1424.3800,1427.4399,1424.0800,1426.6801,0
2026-08-05T01:30:00Z,1426.8900,1427.0100,1424.1899,1424.8800,0
2026-08-05T02:00:00Z,1424.9800,1425.7800,1422.2800,1423.5800,0
2026-08-05T02:30:00Z,1423.5800,1424.2800,1420.8800,1421.5800,0
2026-08-05T03:00:00Z,1421.5800,1423.1801,1420.5800,1422.8600,0
2026-08-05T03:30:00Z,1423.1700,1423.9800,1422.5100,1422.7300,0
2026-08-05T04:00:00Z,1422.8199,1422.8199,1421.3800,1422.5800,0
2026-08-05T04:30:00Z,1422.6600,1427.2800,1422.3800,1427.2800,0
2026-08-05T05:00:00Z,1427.0800,1427.7800,1424.1801,1425.0200,0
2026-08-05T05:30:00Z,1424.6801,1425.1801,1422.9800,1423.1801,0
2026-08-05T06:00:00Z,1423.2800,1424.7800,1422.0800,1424.0800,0
2026-08-05T06:30:00Z,1424.0800,1425.9600,1423.0800,1424.4399,0
2026-08-05T07:00:00Z,1424.4900,1425.9200,1423.0800,1425.2700,0
2026-08-05T07:30:00Z,1425.5200,1425.8800,1424.3800,1425.5800,0
2026-08-05T08:00:00Z,1425.4800,1426.9500,1424.6801,1425.2700,0
2026-08-05T08:30:00Z,1425.2300,1426.7300,1424.8800,1425.1801,0
2026-08-05T09:00:00Z,1425.2800,1425.6200,1423.9800,1425.0100,0
2026-08-05T09:30:00Z,1425.1801,1425.6801,1423.5800,1425.2600,0
2026-08-05T10:00:00Z,1425.3900,1426.9800,1424.9800,1426.3199,0
2026-08-05T10:30:00Z,1426.0800,1426.5400,1422.7800,1425.1801,0
2026-08-05T11:00:00Z,1425.2200,1425.3101,1422.8800,1424.9800,0
2026-08-05T11:30:00Z,1425.0500,1425.1801,1422.7800,1423.1801,0
2026-08-05T12:00:00Z,1422.8800,1423.5800,1422.7800,1423.1400,0
2026-08-05T12:30:00Z,1423.4000,1424.1801,1422.6100,1423.8700,0
2026-08-05T13:00:00Z,1423.8700,1424.9000,1422.8800,1424.2800,0
2026-08-05T13:30:00Z,1424.5000,1425.2200,1422.9800,1424.3800,0
2026-08-05T14:00:00Z,1424.4500,1424.5699,1422.7800,1423.4200,0
2026-08-05T14:30:00Z,1423.4900,1423.9900,1422.7800,1422.9800,0
2026-08-05T15:00:00Z,1422.9700,1423.7100,1421.7800,1422.8000,0
2026-08-05T15:30:00Z,1422.7000,1424.1801,1421.7800,1423.9000,0
2026-08-05T16:00:00Z,1423.9000,1424.5300,1421.7800,1423.3800,0
2026-08-05T16:30:00Z,1423.3400,1424.0100,1422.3800,1423.1801,0
2026-08-05T17:00:00Z,1423.1400,1423.7200,1421.5800,1422.0500,0
2026-08-05T17:30:00Z,1422.0200,1422.4900,1420.5800,1420.8199,0
2026-08-05T18:00:00Z,1421.0000,1421.5900,1420.5601,1421.1600,0
2026-08-05T18:30:00Z,1421.1400,1422.0400,1420.6801,1421.3400,0
2026-08-05T19:00:00Z,1421.3500,1421.7500,1420.6600,1421.3400,0
2026-08-05T19:30:00Z,1421.5000,1422.5800,1421.0800,1422.5400,0
2026-08-05T20:00:00Z,1422.5400,1423.4800,1421.4500,1421.7300,0
2026-08-05T20:30:00Z,1421.7300,1424.6801,1420.7900,1421.0900,0
2026-08-05T21:00:00Z,1421.0699,1422.2300,1421.0400,1422.1100,0
2026-08-05T21:30:00Z,1422.1000,1422.2900,1421.5400,1421.8700,0
2026-08-05T22:00:00Z,1421.8800,1422.2200,1421.5400,1421.9399,0
2026-08-05T22:30:00Z,1421.9301,1422.3300,1421.5500,1422.1000,0
2026-08-05T23:00:00Z,1422.1100,1422.5800,1421.5000,1422.3000,0
2026-08-05T23:30:00Z,1422.4200,1422.6600,1421.0800,1421.9100,0
2026-08-06T00:00:00Z,1422.2300,1424.0800,1420.8800,1420.8800,0
2026-08-06T00:30:00Z,1420.8800,1421.3000,1414.8800,1418.1801,0
2026-08-06T01:00:00Z,1418.0800,1418.1801,1415.0800,1416.0800,0
2026-08-06T01:30:00Z,1416.0800,1417.5800,1415.4800,1415.8199,0
2026-08-06T02:00:00Z,1415.9000,1417.8800,1414.1801,1417.2800,0
2026-08-06T02:30:00Z,1417.1801,1419.5800,1417.1801,1417.7800,0
2026-08-06T03:00:00Z,1417.6801,1419.2800,1417.3800,1418.4800,0
2026-08-06T03:30:00Z,1418.4800,1425.2000,1418.2800,1418.4800,0
2026-08-06T04:00:00Z,1418.4800,1420.0800,1418.0800,1418.8199,0
2026-08-06T04:30:00Z,1418.8101,1420.1700,1418.4800,1418.8600,0
2026-08-06T05:00:00Z,1418.4800,1419.6000,1417.3800,1417.8800,0
2026-08-06T05:30:00Z,1417.7800,1418.6700,1415.6801,1418.5800,0
2026-08-06T06:00:00Z,1418.5800,1423.6801,1417.8800,1423.6801,0
2026-08-06T06:30:00Z,1423.3800,1426.9800,1422.5800,1425.2800,0
2026-08-06T07:00:00Z,1425.7800,1427.4900,1423.7800,1427.4900,0
2026-08-06T07:30:00Z,1427.2700,1429.0800,1427.0800,1428.1200,0
2026-08-06T08:00:00Z,1428.1200,1428.1400,1425.0800,1425.8600,0
2026-08-06T08:30:00Z,1425.7100,1425.7100,1423.5800,1424.1700,0
2026-08-06T09:00:00Z,1424.2700,1424.9301,1423.5800,1423.9301,0
2026-08-06T09:30:00Z,1424.0200,1425.1600,1423.6801,1424.4399,0
2026-08-06T10:00:00Z,1424.4800,1424.7400,1422.5800,1423.5500,0
2026-08-06T10:30:00Z,1423.5601,1423.6801,1422.5800,1422.8800,0
2026-08-06T11:00:00Z,1423.1801,1423.6400,1422.6801,1423.3199,0
2026-08-06T11:30:00Z,1423.4900,1423.7900,1421.7800,1423.1801,0
2026-08-06T12:00:00Z,1423.1801,1423.5200,1422.6801,1423.1200,0
2026-08-06T12:30:00Z,1423.1300,1423.4800,1422.2800,1423.4800,0
2026-08-06T13:30:00Z,1422.9700,1423.2400,1421.7800,1422.2700,0
2026-08-06T14:00:00Z,1422.3000,1425.7600,1422.2200,1425.1801,0
2026-08-06T14:30:00Z,1425.1801,1426.9600,1421.8800,1422.7200,0
2026-08-06T15:00:00Z,1421.9800,1423.2300,1421.7800,1421.9800,0
2026-08-06T15:30:00Z,1421.8800,1424.1100,1421.7800,1423.5100,0
2026-08-06T16:00:00Z,1423.5900,1424.6899,1422.7800,1424.6899,0
2026-08-06T16:30:00Z,1424.7200,1426.1300,1422.8800,1424.3600,0
2026-08-06T17:00:00Z,1424.4500,1424.4500,1422.8800,1423.6100,0
2026-08-06T17:30:00Z,1423.6100,1424.0800,1422.8600,1423.3400,0
2026-08-06T18:00:00Z,1423.3000,1423.5200,1422.5900,1422.9100,0
2026-08-06T18:30:00Z,1422.7900,1423.3000,1422.6200,1422.7500,0
2026-08-06T19:00:00Z,1423.1700,1423.3700,1422.5300,1423.0500,0
2026-08-06T19:30:00Z,1423.1899,1423.4500,1422.4500,1423.3600,0
2026-08-06T20:00:00Z,1423.2700,1423.3500,1422.4100,1423.0699,0
2026-08-06T20:30:00Z,1423.0699,1423.7000,1422.4301,1422.8900,0
2026-08-06T21:00:00Z,1423.0500,1423.6899,1422.4900,1422.8000,0
2026-08-06T21:30:00Z,1422.8101,1422.9301,1422.6100,1422.6100,0
2026-08-06T22:00:00Z,1422.6400,1423.0000,1422.6400,1422.9600,0
2026-08-06T22:30:00Z,1422.9700,1423.3000,1422.8199,1422.9600,0
2026-08-06T23:00:00Z,1422.9700,1423.3300,1422.5699,1422.8500,0
2026-08-06T23:30:00Z,1422.8199,1423.9500,1422.7900,1423.0699,0
2026-08-07T00:00:00Z,1423.0400,1425.6100,1421.4800,1421.4800,0
2026-08-07T00:30:00Z,1421.4800,1422.1400,1419.9800,1421.2800,0
2026-08-07T01:00:00Z,1420.9800,1421.4800,1419.0800,1420.3700,0
2026-08-07T01:30:00Z,1420.1801,1420.4200,1417.2800,1418.9600,0
2026-08-07T02:00:00Z,1418.6801,1419.6801,1418.0800,1418.7100,0
2026-08-07T02:30:00Z,1418.7400,1419.8800,1418.3800,1419.7800,0
2026-08-07T03:00:00Z,1419.6300,1421.4800,1419.5800,1421.0699,0
2026-08-07T03:30:00Z,1420.9800,1424.1000,1419.0800,1419.5601,0
2026-08-07T04:00:00Z,1419.5601,1419.5601,1418.4800,1419.1500,0
2026-08-07T04:30:00Z,1419.0800,1419.4301,1418.4800,1419.0000,0
2026-08-07T05:00:00Z,1418.9800,1420.3800,1417.9800,1419.9900,0
2026-08-07T05:30:00Z,1420.0000,1420.2800,1418.2800,1420.0800,0
2026-08-07T06:00:00Z,1420.0800,1421.0800,1415.8800,1415.8800,0
2026-08-07T06:30:00Z,1415.7800,1417.7100,1415.0800,1415.6600,0
2026-08-07T07:00:00Z,1415.7700,1418.3800,1415.4800,1418.3300,0
2026-08-07T07:30:00Z,1418.0800,1419.3199,1417.1801,1418.3800,0
2026-08-07T08:00:00Z,1418.6100,1418.7400,1416.7800,1417.2800,0
2026-08-07T08:30:00Z,1417.4600,1417.6100,1416.3800,1416.9800,0
2026-08-07T09:00:00Z,1416.9800,1417.7100,1416.3800,1417.3500,0
2026-08-07T09:30:00Z,1417.3700,1417.5699,1415.2800,1415.9500,0
2026-08-07T10:00:00Z,1416.1400,1416.1400,1415.0800,1415.8700,0
2026-08-07T10:30:00Z,1415.8700,1416.2800,1415.0800,1416.2000,0
2026-08-07T11:00:00Z,1416.2000,1417.0200,1415.3800,1416.9800,0
2026-08-07T11:30:00Z,1416.9800,1417.1801,1414.9800,1415.9600,0
2026-08-07T12:00:00Z,1415.9600,1416.1200,1414.3800,1415.7800,0
2026-08-07T12:30:00Z,1415.7800,1415.7800,1406.4800,1408.8800,0
2026-08-07T13:00:00Z,1408.7000,1409.2300,1406.1801,1407.0800,0
2026-08-07T13:30:00Z,1407.0900,1409.9900,1406.6801,1409.7800,0
2026-08-07T14:00:00Z,1409.6801,1410.8800,1407.8800,1409.1700,0
2026-08-07T14:30:00Z,1408.8800,1410.2800,1408.1801,1409.7800,0
2026-08-07T15:00:00Z,1409.6700,1410.0800,1407.7800,1408.8800,0
2026-08-07T15:30:00Z,1409.0800,1410.3300,1408.1801,1409.8400,0
2026-08-07T16:00:00Z,1410.0800,1410.1500,1406.7800,1409.7600,0
2026-08-07T16:30:00Z,1409.6600,1409.7500,1408.4800,1409.5800,0
2026-08-07T17:00:00Z,1409.5800,1410.0400,1408.5800,1409.3101,0
2026-08-07T17:30:00Z,1409.4399,1410.1200,1407.9800,1408.7600,0
2026-08-07T18:00:00Z,1408.6600,1409.8900,1408.5100,1409.1700,0
2026-08-07T18:30:00Z,1409.1700,1409.7100,1407.2500,1408.7500,0
2026-08-07T19:00:00Z,1408.7600,1409.1801,1406.7800,1406.8600,0
2026-08-07T19:30:00Z,1407.0300,1407.2200,1406.6600,1407.0100,0
2026-08-07T20:00:00Z,1407.1300,1408.6300,1406.5400,1406.7400,0
2026-08-07T20:30:00Z,1406.7400,1409.0900,1406.4399,1407.4500,0
2026-08-07T21:00:00Z,1407.4500,1407.4500,1407.4500,1407.4500,0
2026-08-09T23:30:00Z,1409.2600,1409.2600,1407.5100,1407.7500,0
2026-08-10T00:00:00Z,1407.7800,1412.6000,1407.7600,1412.0800,0
2026-08-10T00:30:00Z,1411.8800,1414.0800,1411.5800,1413.2800,0
2026-08-10T01:00:00Z,1413.2800,1416.0900,1413.0699,1414.3800,0
2026-08-10T01:30:00Z,1414.4800,1417.1801,1414.3101,1415.8800,0
2026-08-10T02:00:00Z,1415.9800,1416.3800,1414.0500,1415.0300,0
2026-08-10T02:30:00Z,1415.7000,1416.0800,1414.4800,1414.8500,0
2026-08-10T03:00:00Z,1414.5800,1415.8800,1414.5800,1415.2800,0
2026-08-10T03:30:00Z,1415.1801,1415.7000,1414.3800,1414.7200,0
2026-08-10T04:00:00Z,1414.7200,1415.1600,1414.2800,1415.0100,0
2026-08-10T04:30:00Z,1414.8500,1415.8600,1414.8500,1415.6100,0
2026-08-10T05:00:00Z,1415.7700,1416.1600,1415.5400,1415.7900,0
2026-08-10T05:30:00Z,1415.7900,1416.5800,1414.7800,1416.1000,0
2026-08-10T06:00:00Z,1415.6801,1418.5800,1415.6801,1418.0800,0
2026-08-10T06:30:00Z,1418.0800,1419.3400,1416.1801,1418.4100,0
2026-08-10T07:00:00Z,1418.4100,1419.6801,1417.6801,1418.2800,0
2026-08-10T07:30:00Z,1418.7500,1418.8101,1416.9800,1417.8700,0
2026-08-10T08:00:00Z,1417.8700,1418.4200,1416.9800,1417.9100,0
2026-08-10T08:30:00Z,1417.7800,1418.7500,1417.0800,1418.5699,0
2026-08-10T09:00:00Z,1418.0800,1418.6600,1417.3800,1417.8600,0
2026-08-10T09:30:00Z,1417.8600,1418.2400,1417.1700,1417.2500,0
2026-08-10T10:00:00Z,1417.1801,1417.5900,1414.8800,1417.2200,0
2026-08-10T10:30:00Z,1417.2500,1417.3800,1416.2800,1417.2300,0
2026-08-10T11:00:00Z,1417.2400,1417.6700,1414.7800,1417.2100,0
2026-08-10T11:30:00Z,1417.2200,1417.8600,1416.4800,1417.6100,0
2026-08-10T12:00:00Z,1417.6100,1417.9800,1414.8800,1417.5400,0
2026-08-10T12:30:00Z,1417.7400,1418.1300,1416.8800,1417.7900,0
2026-08-10T13:00:00Z,1417.9200,1418.1600,1416.5800,1417.5699,0
2026-08-10T13:30:00Z,1417.6000,1418.4800,1416.9800,1418.0000,0
2026-08-10T14:00:00Z,1417.8800,1418.1500,1414.8800,1416.9800,0
2026-08-10T14:30:00Z,1417.2100,1417.7900,1414.8800,1417.6300,0
2026-08-10T15:00:00Z,1417.6200,1417.8800,1414.7800,1417.6100,0
2026-08-10T15:30:00Z,1417.1801,1417.8900,1414.7800,1417.4399,0
2026-08-10T16:00:00Z,1417.5200,1417.7200,1414.7800,1416.4600,0
2026-08-10T16:30:00Z,1416.6300,1416.9800,1414.8800,1416.4900,0
2026-08-10T17:00:00Z,1416.5699,1417.6400,1414.7800,1417.4200,0
2026-08-10T17:30:00Z,1417.4301,1418.5800,1416.9800,1418.3500,0
2026-08-10T18:00:00Z,1418.3400,1418.5800,1417.1300,1417.1700,0
2026-08-10T18:30:00Z,1417.2200,1418.2100,1416.0800,1417.1400,0
2026-08-10T19:00:00Z,1417.9100,1418.2900,1416.9301,1417.1000,0
2026-08-10T19:30:00Z,1418.1000,1418.4700,1417.0900,1417.2100,0
2026-08-10T20:00:00Z,1417.8199,1418.0800,1417.1500,1417.8101,0
2026-08-10T20:30:00Z,1417.2100,1417.8500,1417.1899,1417.5000,0
2026-08-10T21:00:00Z,1417.4900,1418.0400,1417.4900,1417.6400,0
2026-08-10T21:30:00Z,1417.6600,1417.7300,1417.3400,1417.7200,0
